id,name,slug,batch,website,yc_url,location,region,teamSize,oneLiner,github_org,commit_velocity_30d,commit_velocity_90d,acceleration_ratio,active_repos,contributors,commits_per_employee,stabilized_efficiency,total_stars,total_forks,pr_merge_rate,issue_close_rate,founder_linkedin,founder_twitter
30849,MOVEdot,movedot,F25,https://www.movedot.ai/,https://www.ycombinator.com/companies/movedot,"San Francisco, CA, USA",United States of America,10.0,AI Agents for Hardware Engineering,movedot,0,0,0.0,0,0,0.0,0.0,0,0,0.0,0.0,,
30832,F2,f2,S25,http://f2.ai,https://www.ycombinator.com/companies/f2,"New York, NY, USA",United States of America,20.0,The AI platform for private markets investors,,0,0,0.0,0,0,0.0,0.0,0,0,0.0,0.0,,
30797,Veritus,veritus,S25,https://www.veritus.com,https://www.ycombinator.com/companies/veritus,"San Francisco, CA, USA",United States of America,10.0,AI agents for the consumer lending industry,veritus,0,0,0.0,0,0,0.0,0.0,3,0,0.99,0.49,,
31080,Didit,didit,W26,https://didit.me/,https://www.ycombinator.com/companies/didit,"San Francisco, CA, USA",United States of America,12.0,All-in-one identity platform for fast human verification.,didit-protocol,62,62,0.0,5,3,5.17,17.9,3,0,1.0,0.86,https://linkedin.com/in/albertorosasg,https://x.com/albertorosasg
30730,Idler,idler,S25,https://idler.ai/,https://www.ycombinator.com/companies/idler,"San Francisco, CA, USA",United States of America,14.0,Reinforcement learning environments. ,IdleRPGBot,0,0,0.0,0,0,0.0,0.0,6,2,0.0,0.0,,
30761,Reacher,reacher,S25,https://reacherapp.com/,https://www.ycombinator.com/companies/reacher,"San Francisco, CA, USA",United States of America,15.0,We automate creator marketing for the world's largest brands,reacherhq,1,6,0.2,1,3,0.4,1.55,8673,667,0.73,0.31,,
30598,GETASAP,getasap,S25,https://www.getasap.us,https://www.ycombinator.com/companies/getasap,"San Francisco, CA, USA",United States of America,17.0,8-hour Produce Distribution for Retailers of Any Size,getasaplondon,0,0,0.0,0,0,0.0,0.0,0,0,0.0,0.0,,
30740,Metis,metis,S25,https://withmetis.ai,https://www.ycombinator.com/companies/metis,"San Francisco, CA, USA",United States of America,13.0,Infrastructure to build reliable agents,MetisProtocol,2,127,0.02,4,47,9.77,35.22,28,27,0.83,0.96,https://linkedin.com/in/aryan-shah1,
30484,throxy,throxy,X25,https://throxy.com/,https://www.ycombinator.com/companies/throxy,Unknown,Unknown,15.0,Vertical AI agents that run the sales funnel on autopilot,throxy-ai,19,19,0.0,1,1,1.27,4.91,0,0,0.0,0.0,,
30496,QualGent,qualgent,X25,https://qualgent.link/qualgent,https://www.ycombinator.com/companies/qualgent,"San Francisco, CA, USA",United States of America,10.0,AI Mobile App Quality Assurance Tester,QualGent,0,0,0.0,0,0,0.0,0.0,0,0,0.0,0.0,,
30706,Solva,solva,S25,https://solvatechnology.com,https://www.ycombinator.com/companies/solva,Unknown,Unknown,15.0,Automates insurance claims and stops incorrect payouts,Solva-technology,0,18,0.0,5,2,1.2,4.65,0,2,0.0,0.0,,
30425,Auctor,auctor,X25,https://getauctor.com,https://www.ycombinator.com/companies/auctor,"New York, NY, USA",United States of America,15.0,The agentic operating system for modern system integrators.,AuctorLabs,0,0,0.0,0,0,0.0,0.0,5,0,0.0,0.0,,
30477,Casco,casco,X25,https://casco.com,https://www.ycombinator.com/companies/casco,Unknown,Unknown,10.0,"Autonomous security testing for web apps, APIs, cloud, and AI systems",cascode-labs,0,1,0.0,1,1,0.1,0.32,52,10,1.0,0.47,,
30367,QFEX,qfex,X25,https://qfex.com,https://www.ycombinator.com/companies/qfex,"London, UK",United Kingdom,10.0,24/7 Global Stock Exchange,,0,0,0.0,0,0,0.0,0.0,0,0,0.0,0.0,,
30346,Mercura,mercura,W25,https://www.mercura.ai,https://www.ycombinator.com/companies/mercura,Unknown,Unknown,14.0,AI Quote and Order Automation for Distributors & Manufacturers,mercura-aps,0,0,0.0,0,0,0.0,0.0,0,0,1.0,0.0,,
30348,SAMMY Labs,sammy-labs,W25,https://www.sammylabs.com,https://www.ycombinator.com/companies/sammy-labs,Unknown,Unknown,10.0,"SAMMY Labs, the knowledge layer for your people and AI",,0,0,0.0,0,0,0.0,0.0,0,0,0.0,0.0,,
30322,Spott,spott,W25,https://spott.io,https://www.ycombinator.com/companies/spott,Unknown,Unknown,20.0,AI-native ATS/CRM for recruiting firms,spotter-application,0,0,0.0,0,0,0.0,0.0,744,23,1.0,0.74,,
30303,AfterQuery,afterquery,W25,https://afterquery.com,https://www.ycombinator.com/companies/afterquery,"San Francisco, CA, USA",United States of America,20.0,Research lab investigating the boundaries of AI capabilities.,AfterQuery,103,125,4.68,5,8,6.25,27.95,11,18,0.91,0.5,https://linkedin.com/in/danny1898,https://x.com/CarlosGeorgescu
30268,AthenaHQ,athenahq,W25,https://www.athenahq.ai,https://www.ycombinator.com/companies/athenahq,"San Francisco, CA, USA",United States of America,12.0,"Be the Answer in AI Search - AI SEO across SEO, GEO & AEO",AthenaHQ,0,0,0.0,0,0,0.0,0.0,0,0,0.0,0.0,,
30243,Cifrato,cifrato,W25,https://cifrato.ai,https://www.ycombinator.com/companies/cifrato,"Bogotá, Bogota, Colombia",Colombia,13.0,AI Accountant for Accounting Firms,Cifrato,0,0,0.0,0,0,0.0,0.0,0,0,0.0,0.0,,
30230,SalesPatriot,salespatriot,W25,https://www.salespatriot.com/,https://www.ycombinator.com/companies/salespatriot,"San Francisco, CA, USA",United States of America,13.0,We help defense firms win more contracts with the Pentagon,SalesPatriot,0,0,0.0,0,0,0.0,0.0,0,0,0.0,0.0,,
30218,Toothy AI,toothy-ai,W25,https://www.toothy.ai/,https://www.ycombinator.com/companies/toothy-ai,"San Francisco, CA, USA",United States of America,15.0,AI for insurance verification & billing at dental clinics,toothy,0,0,0.0,0,0,0.0,0.0,0,0,0.0,0.0,,
30215,Contrario,contrario,W25,https://contrario.ai,https://www.ycombinator.com/companies/contrario,"San Francisco, CA, USA",United States of America,10.0,Fill critical roles faster with AI-empowered recruiters,ContrarioAI,0,0,0.0,0,0,0.0,0.0,0,0,0.0,0.0,,
30090,Origami,origami-2,F24,https://origami.chat/,https://www.ycombinator.com/companies/origami-2,"San Francisco, CA, USA",United States of America,10.0,Find your perfect leads with one prompt,origami,0,0,0.0,0,0,0.0,0.0,0,0,0.0,0.0,,
30076,Crustdata,crustdata,F24,https://crustdata.com,https://www.ycombinator.com/companies/crustdata,Unknown,Remote,20.0,Real-time B2B data via simple APIs,crustdata,0,0,0.0,0,0,0.0,0.0,0,0,0.0,0.0,,
30288,Harper,harper,W25,https://www.harperinsure.com/,https://www.ycombinator.com/companies/harper,"San Francisco, CA, USA",United States of America,25.0,AI-native commercial insurance brokerage,HarperFast,280,353,3.84,5,15,14.12,70.6,78,16,0.88,0.4,https://linkedin.com/in/dakotahrice,
30249,HealthKey,healthkey,W25,https://gethealthkey.com/,https://www.ycombinator.com/companies/healthkey,"Austin, TX, USA",United States of America,10.0,AI-powered Patient Identification for Clinical Trials,HealthKey-Company,0,3,0.0,2,1,0.3,0.95,1,0,1.0,0.0,,
30067,Platus,platus,F24,https://www.platus.com,https://www.ycombinator.com/companies/platus,Unknown,Unknown,15.0,"Instant Legal Infrastructure - Draft, Sign, Notarize & Process",,0,0,0.0,0,0,0.0,0.0,0,0,0.0,0.0,,
30059,Sphinx,sphinx,F24,https://sphinxhq.com/,https://www.ycombinator.com/companies/sphinx,Unknown,Unknown,13.0,AI Compliance Analysts for Banks & Fintechs,,0,0,0.0,0,0,0.0,0.0,0,0,0.0,0.0,,
30046,Cekura,cekura-ai,F24,https://www.cekura.ai/,https://www.ycombinator.com/companies/cekura-ai,"San Francisco, CA, USA",United States of America,15.0,Voice AI and Chat AI agents: Testing and Observability,,0,0,0.0,0,0,0.0,0.0,0,0,0.0,0.0,,
29977,Merlin AI,merlin-ai,S24,https://www.merlinai.co,https://www.ycombinator.com/companies/merlin-ai,"Los Angeles, CA, USA",United States of America,28.0,AI powered ERP for Construction,MerlinAI,0,0,0.0,0,0,0.0,0.0,0,0,0.0,0.0,,
29973,Arva AI,arva-ai,S24,https://www.arva.ai,https://www.ycombinator.com/companies/arva-ai,Unknown,Unknown,14.0,"AI Agents to scale AML, KYB and KYC operations",arva,0,0,0.0,0,0,0.0,0.0,0,0,0.0,0.0,,
29988,Delineate,delineate,W25,https://delineate.pro/,https://www.ycombinator.com/companies/delineate,"Boston, MA, USA",United States of America,20.0,Agents for Accelerated Clinical Trial Design,delineate-pro,0,1,0.0,1,1,0.05,0.22,1,0,0.0,0.0,,
29950,Pipeshift,pipeshift,S24,https://pipeshift.com,https://www.ycombinator.com/companies/pipeshift,"San Francisco, CA, USA",United States of America,10.0,Inference for real-time production workloads,pipeshift,0,0,0.0,0,0,0.0,0.0,0,0,0.0,0.0,,
29850,SureBright,surebright,S24,https://surebright.com/,https://www.ycombinator.com/companies/surebright,Unknown,Remote,20.0,Apple Care-like warranty program for every retailer ,SureBright-Technologies-Inc,0,0,0.0,0,0,0.0,0.0,0,0,1.0,0.0,,
30021,telli,telli,F24,https://telli.com,https://www.ycombinator.com/companies/telli,"Berlin, Germany",Germany,16.0,AI phone agents that convert,Tellius,0,0,0.0,0,0,0.0,0.0,0,0,0.9,0.0,,
29963,Capitol AI,capitol-ai,S24,https://www.capitol.ai/,https://www.ycombinator.com/companies/capitol-ai,"Washington, DC, USA",United States of America,11.0,"Model-agnostic AI for enterprises: governed, embedded, decision-grade.",capitoledulibre,2,2,0.0,1,1,0.18,0.6,13,12,0.88,0.81,,
29820,Kontigo,kontigo,S24,https://kontigo.lat/,https://www.ycombinator.com/companies/kontigo,Unknown,Remote,10.0,USDC-Smart Neobank for Latinos. ,Kontigo-Inc,0,0,0.0,0,0,0.0,0.0,0,0,0.0,0.0,,
29844,Oway,oway,S24,https://www.shipoway.com,https://www.ycombinator.com/companies/oway,"San Francisco, CA, USA",United States of America,10.0,AI Infrastructure for America’s Empty Truck Space,,0,0,0.0,0,0,0.0,0.0,0,0,0.0,0.0,,
29823,autarc,autarc,S24,https://www.autarc.energy/en,https://www.ycombinator.com/companies/autarc,"Berlin, Germany",Germany,30.0,autarc is the OS for Europe's One-Stop Energy Installers,autarcgmbh,61,121,1.02,3,11,4.03,22.09,0,1,1.0,0.0,https://linkedin.com/in/etienne-krause,
29798,&AI,ai-2,S24,https://www.tryandai.com/,https://www.ycombinator.com/companies/ai-2,"San Francisco, CA, USA",United States of America,13.0,Collaborative workspace for patent litigators,,0,0,0.0,0,0,0.0,0.0,0,0,0.0,0.0,,
29780,Presti AI,presti-ai,S24,https://www.presti.ai/,https://www.ycombinator.com/companies/presti-ai,Unknown,Remote,25.0,Helping furniture companies create product visuals with AI,Prestigia,0,0,0.0,0,0,0.0,0.0,0,0,0.0,0.0,,
29775,Brighterway,brighterway,S24,https://www.brighterway.ai/,https://www.ycombinator.com/companies/brighterway,Unknown,Unknown,14.0,Streamlining the medical record review process in workers comp,BrighterWay0,0,0,0.0,0,0,0.0,0.0,0,0,0.0,0.0,,
29770,Intryc,intryc,S24,https://intryc.com,https://www.ycombinator.com/companies/intryc,"San Francisco, CA, USA",United States of America,14.0,Intryc uses AI to automate quality assurance for customer support,Intryc,0,0,0.0,0,0,0.0,0.0,0,0,0.0,0.0,,
29791,Cartage,cartage,S24,https://cartage.ai,https://www.ycombinator.com/companies/cartage,"San Francisco, CA, USA",United States of America,12.0,Autonomous freight coordination,cartagena-data-science,0,0,0.0,0,0,0.0,0.0,1,1,0.0,0.0,,
29759,David AI,david-ai,S24,https://www.withdavid.ai/,https://www.ycombinator.com/companies/david-ai,Unknown,Unknown,10.0,Data for audio AI,withdavid-ai,0,0,0.0,0,0,0.0,0.0,0,0,0.0,0.0,,
29761,Distro,distro,S24,https://distro.app,https://www.ycombinator.com/companies/distro,"Palo Alto, CA, USA",United States of America,11.0,The AI co-pilot for sales reps at industrial wholesale distributors.,distro,0,0,0.0,0,0,0.0,0.0,14,11,0.91,0.47,,
29730,Saturn,saturn,S24,https://www.SaturnOS.com,https://www.ycombinator.com/companies/saturn,"London, UK",United Kingdom,18.0,Compliance and back office workflows for Wealth Managers.,SaturnMusic,0,0,0.0,0,0,0.0,0.0,1,0,0.0,0.0,,
29785,Simple AI,simple-ai,S24,https://www.usesimple.ai,https://www.ycombinator.com/companies/simple-ai,"San Francisco, CA, USA",United States of America,11.0,AI voice that sells,SimpleMobileTools,0,0,0.0,0,0,0.0,0.0,9278,2577,0.92,0.26,,
29746,Drillbit,drillbit,S24,https://www.drillbit.com,https://www.ycombinator.com/companies/drillbit,"Austin, TX, USA",United States of America,10.0,Automating Office Work for Residential Contractors.,,0,0,0.0,0,0,0.0,0.0,0,0,0.0,0.0,,
29710,TaxGPT,taxgpt,S24,https://www.taxgpt.com,https://www.ycombinator.com/companies/taxgpt,"San Francisco, CA, USA",United States of America,28.0,AI tax assistant for professionals and businesses,TaxGPT,0,0,0.0,0,0,0.0,0.0,0,0,0.0,0.0,,
29717,Conveo,conveo,S24,https://conveo.ai/,https://www.ycombinator.com/companies/conveo,"Antwerp, Belgium",Belgium,24.0,Confident decisions in days with AI-led interviews.,conveo,0,0,0.0,0,0,0.0,0.0,0,0,0.0,0.0,,
29699,Pulse,pulse-3,S24,https://www.runpulse.com/,https://www.ycombinator.com/companies/pulse-3,Unknown,Unknown,12.0,Production-grade unstructured document extraction,Pulse,0,0,0.0,0,0,0.0,0.0,0,0,0.0,0.0,,
29691,Tandem,tandem-2,S24,https://tandem.space/,https://www.ycombinator.com/companies/tandem-2,Unknown,Remote,22.0,AI-native office leasing agent,tandem,0,0,0.0,0,0,0.0,0.0,0,0,0.0,0.0,,
29729,Clearly AI,clearly-ai,S24,https://clearly-ai.com,https://www.ycombinator.com/companies/clearly-ai,"Seattle, WA, USA",United States of America,12.0,Automate security and privacy reviews,,0,0,0.0,0,0,0.0,0.0,0,0,0.0,0.0,,
29703,d_model,d_model,S24,https://www.dmodel.ai,https://www.ycombinator.com/companies/d_model,Unknown,Unknown,10.0,Look inside the model,,0,0,0.0,0,0,0.0,0.0,0,0,0.0,0.0,,
29649,Wordware,wordware,S24,https://wordware.ai/,https://www.ycombinator.com/companies/wordware,"San Francisco, CA, USA",United States of America,15.0,AI agents you can rely on,,0,0,0.0,0,0,0.0,0.0,0,0,0.0,0.0,,
29646,Corgi Insurance,corgi-insurance,S24,https://corgi.insure,https://www.ycombinator.com/companies/corgi-insurance,"San Francisco, CA, USA",United States of America,70.0,Corgi is building an AI financial infrastructure company,,0,0,0.0,0,0,0.0,0.0,0,0,0.0,0.0,,
29645,Phonely,phonely,S24,https://phonely.ai,https://www.ycombinator.com/companies/phonely,Unknown,Remote,10.0,AI call centers ,,0,0,0.0,0,0,0.0,0.0,0,0,0.0,0.0,,
29627,Codes Health,codes-health,S24,https://www.getcodeshealth.com/,https://www.ycombinator.com/companies/codes-health,"New York, NY, USA",United States of America,12.0,Medical Record Retrieval with Zero Human Error,,0,0,0.0,0,0,0.0,0.0,0,0,0.0,0.0,,
29517,RetailReady,retailready,W24,https://www.retailreadyai.com/,https://www.ycombinator.com/companies/retailready,Unknown,Unknown,12.0,An AI-powered supply chain compliance engine,retailready,0,0,0.0,0,0,0.0,0.0,0,0,0.0,0.0,,
29483,Healia,healia,W24,https://www.healiahealth.com/,https://www.ycombinator.com/companies/healia,"Columbus, OH, USA",United States of America,15.0,Modern health insurance for dual income families,Healia,0,0,0.0,0,0,0.0,0.0,0,0,0.0,0.0,,
29613,ClaimSorted,claimsorted,S24,https://claimsorted.com,https://www.ycombinator.com/companies/claimsorted,Unknown,Remote,20.0,Making it easy for insurance companies to process claims,claimsorted,0,0,0.0,0,0,0.0,0.0,0,0,0.0,0.0,,
29572,Domu Technology Inc.,domu-technology-inc,S24,https://www.domu.ai/,https://www.ycombinator.com/companies/domu-technology-inc,"San Francisco, CA, USA",United States of America,15.0,AI Agents for collections,,0,0,0.0,0,0,0.0,0.0,0,0,0.0,0.0,,
29460,Ryse,ryse,W24,https://www.rysemarket.com/,https://www.ycombinator.com/companies/ryse,"New York, NY, USA",United States of America,13.0,The secondary market for real estate leases,,0,0,0.0,0,0,0.0,0.0,0,0,0.0,0.0,,
29478,Reform,reform,W24,https://www.reformhq.com,https://www.ycombinator.com/companies/reform,"San Francisco, CA, USA",United States of America,11.0,Workflow automation. Built for logistics.,reformhq,0,0,0.0,0,0,0.0,0.0,0,0,0.0,0.0,,
29441,Retell AI,retell-ai,W24,https://retellai.com,https://www.ycombinator.com/companies/retell-ai,Unknown,Unknown,24.0,Supercharge Your Contact Center Operations with AI Phone Agents,RetellAI,63,151,0.72,4,11,6.29,30.82,108,31,0.99,0.0,https://linkedin.com/in/binw,https://x.com/retellai
29414,Cleva,cleva,W24,https://www.getcleva.com,https://www.ycombinator.com/companies/cleva,"Lagos, Nigeria",Nigeria,30.0,USD banking platform for Africa,ClevaCash,0,0,0.0,0,0,0.0,0.0,0,0,0.0,0.0,,
29453,Miden,miden,W24,http://www.miden.co,https://www.ycombinator.com/companies/miden,"15a Ajanaku St, Opebi, Ikeja 101233, Lagos, Nigeria",Nigeria,19.0,Card issuer processor and banking stack for businesses in Sub-…,0xMiden,330,423,3.55,5,36,22.26,97.04,283,292,0.76,0.35,https://linkedin.com/in/okiemute-d-avworhokai-5b52a7a6,https://x.com/TyrusTechHQ
29423,Triply,triply,W24,https://business.triply.co/,https://www.ycombinator.com/companies/triply,"Nairobi, Kenya",Kenya,18.0,Operating system for travel businesses in Africa with embedded finance,TriplyDB,6,14,0.75,2,3,0.78,3.3,248,64,0.9,0.37,,
29398,ProSights,prosights,W24,https://prosights.co/,https://www.ycombinator.com/companies/prosights,"New York, NY, USA",United States of America,14.0,ProSights is an AI-native data extraction tool for financial…,prosights,0,0,0.0,0,0,0.0,0.0,0,0,0.0,0.0,,
29390,OffDeal,offdeal,W24,https://offdeal.io,https://www.ycombinator.com/companies/offdeal,"New York, NY, USA",United States of America,15.0,AI-native investment bank for small businesses,OffDeal,0,0,0.0,0,0,0.0,0.0,0,0,0.0,0.0,,
29410,Model ML,model-ml,W24,https://www.modelml.com/,https://www.ycombinator.com/companies/model-ml,"London, UK",United Kingdom,50.0,AI Workspace for Financial Services.,,0,0,0.0,0,0,0.0,0.0,0,0,0.0,0.0,,
29389,Delve,delve,W24,https://delve.co/?utm_source=yc&utm_medium=bio&utm_campaign=delve,https://www.ycombinator.com/companies/delve,"San Francisco, CA, USA",United States of America,33.0,AI that makes compliance effortless,go-delve,23,52,0.79,2,10,1.58,9.05,24699,2206,0.96,0.65,https://linkedin.com/in/karun-kaushik,https://x.com/karunkaushik_
29377,Toma,toma,W24,http://www.toma.com/,https://www.ycombinator.com/companies/toma,"San Francisco, CA, USA",United States of America,20.0,AI for Underserved Industries,,0,0,0.0,0,0,0.0,0.0,0,0,0.0,0.0,,
29380,Conduit,conduit-ai,W24,https://conduit.ai/?utm_source=referral&utm_medium=organic&utm_campaign=ycombinator,https://www.ycombinator.com/companies/conduit-ai,"San Francisco, CA, USA",United States of America,18.0,Conversational AI agents for Customer Service.,conduitxyz,38,81,0.88,4,16,4.5,19.09,6,13,0.6,1.0,https://linkedin.com/in/punnkam,https://x.com/0xpunnk
29376,Carma,carma,W24,https://www.joincarma.com/,https://www.ycombinator.com/companies/carma,"San Francisco, CA, USA",United States of America,15.0,The AI Operating System For Modern Fleets.,carma-int,0,0,0.0,0,0,0.0,0.0,0,0,1.0,0.0,,
29357,Salvy,salvy,W24,https://www.salvy.com.br,https://www.ycombinator.com/companies/salvy,"Curitiba, State of Paraná, Brazil",Brazil,27.0,Mobile carrier for businesses in Brazil,SalvyLTD,1,3,0.5,1,2,0.11,0.58,0,0,0.0,0.0,,
29368,CodeAnt AI,codeant-ai,W24,https://codeant.ai/,https://www.ycombinator.com/companies/codeant-ai,"San Francisco, CA, USA",United States of America,10.0,AI Code Health Platform,CodeAnt-AI,45,65,2.25,4,9,6.5,20.55,4,0,0.92,1.0,https://linkedin.com/in/amartya-jha,https://x.com/chhinna00
29343,Infinity,infinity,W24,https://www.infinityapp.in/,https://www.ycombinator.com/companies/infinity,"Bengaluru, Karnataka, India",India,15.0,Business banking for cross-border SMBs & Startups,Infinity,0,0,0.0,0,0,0.0,0.0,74,13,1.0,0.25,,
29339,Clarion,clarion,W24,https://clarionhealth.com,https://www.ycombinator.com/companies/clarion,"New York, NY, USA",United States of America,14.0,The AI communication layer for healthcare,clarion-health,0,0,0.0,0,0,0.0,0.0,0,0,0.0,0.0,,
29346,sync.,sync-2,W24,https://sync.so/,https://www.ycombinator.com/companies/sync-2,"San Francisco, CA, USA",United States of America,13.0,AI lipsync tool for video content creators,,0,0,0.0,0,0,0.0,0.0,0,0,0.0,0.0,,
29340,Tamarind Bio,tamarind-bio,W24,https://www.tamarind.bio,https://www.ycombinator.com/companies/tamarind-bio,Unknown,Unknown,10.0,AI Inference Platform for Drug Discovery,Tamarind-Bio,0,22,0.0,1,1,2.2,6.96,1,0,1.0,0.0,,
29325,Respan,respan,W24,https://respan.ai,https://www.ycombinator.com/companies/respan,"San Francisco, CA, USA",United States of America,10.0,"Self-driving observability, evals, and gateway for AI agents",respanai,162,295,1.22,5,6,29.5,93.29,36,13,0.89,0.0,https://linkedin.com/in/hanheli,https://x.com/raymond_huang26
29327,Central,central,S24,https://centralhq.com,https://www.ycombinator.com/companies/central,"San Francisco, CA, USA",United States of America,15.0,"Payroll, benefits, state compliance & other bullsh*t for startups",,0,0,0.0,0,0,0.0,0.0,0,0,0.0,0.0,,
29323,Zaymo,zaymo,W24,https://zaymo.com,https://www.ycombinator.com/companies/zaymo,"Lehi, UT, USA",United States of America,11.0,Interactive email builder for ecommerce brands,,0,0,0.0,0,0,0.0,0.0,0,0,0.0,0.0,,
29301,Topo,topo,W24,https://www.topo.io/,https://www.ycombinator.com/companies/topo,"Paris, France",France,12.0,AI Agents for outbound working by your side,,0,0,0.0,0,0,0.0,0.0,0,0,0.0,0.0,,
29300,Trellis AI,trellis-ai,W24,https://runtrellis.com/,https://www.ycombinator.com/companies/trellis-ai,Unknown,Unknown,25.0,AI for streamlining healthcare paperwork,,0,0,0.0,0,0,0.0,0.0,0,0,0.0,0.0,,
29295,Artisan,artisan,W24,https://artisan.co/?utm_source=ycombinator,https://www.ycombinator.com/companies/artisan,"San Francisco, CA, USA",United States of America,37.0,"AI employees called Artisans, starting with an AI BDR",artisan,0,0,0.0,0,0,0.0,0.0,0,0,0.0,0.0,,
29298,Greenboard,greenboard,W24,https://www.greenboard.com,https://www.ycombinator.com/companies/greenboard,"New York, NY, USA",United States of America,26.0,Modern OS for the financial back office. ,greenboard,0,0,0.0,0,0,0.0,0.0,3,1,0.0,0.53,,
29288,Arini,arini,W24,https://www.arini.ai,https://www.ycombinator.com/companies/arini,"San Francisco, CA, USA",United States of America,17.0,AI receptionist for dentists,AriniTechnologies,0,0,0.0,0,0,0.0,0.0,0,0,0.0,0.0,,
29263,Alex,alex-com,W24,https://alex.com,https://www.ycombinator.com/companies/alex-com,"San Francisco, CA, USA",United States of America,30.0,Your AI recruiter for interviewing and identifying the best talent,,0,0,0.0,0,0,0.0,0.0,0,0,0.0,0.0,,
29269,Garage,garage-2,W24,https://www.shopgarage.com/,https://www.ycombinator.com/companies/garage-2,"New York, NY, USA",United States of America,20.0,Building the marketplace that powers America’s most essential assets,garage-education,0,4,0.0,1,2,0.2,0.89,157,23,0.9,0.0,,
29286,PointOne,pointone,W24,https://pointone.com/,https://www.ycombinator.com/companies/pointone,"New York, NY, USA",United States of America,15.0,AI Time Platform for Law Firms,PointOneNav,43,79,1.19,5,8,5.27,20.4,58,29,0.98,0.75,https://linkedin.com/in/katon-luaces,https://x.com/PointOneAI
29256,Momentic,momentic,W24,https://momentic.ai,https://www.ycombinator.com/companies/momentic,"San Francisco, CA, USA",United States of America,12.0,The AI-native automated testing platform,momentic-ai,76,171,0.8,2,0,14.25,49.36,23,2,0.92,0.0,https://linkedin.com/in/hungweiwu,https://x.com/itsjeffan
29254,Reducto,reducto,W24,https://reducto.ai,https://www.ycombinator.com/companies/reducto,"San Francisco, CA, USA",United States of America,30.0,The most accurate API to parse documents,reductoai,3,51,0.06,3,5,1.7,9.31,38,13,0.95,0.0,https://linkedin.com/in/aditabraham,https://x.com/raunakdoesdev
29231,Ubicloud,ubicloud,W24,https://www.ubicloud.com,https://www.ycombinator.com/companies/ubicloud,Unknown,Remote,15.0,Open source alternative to AWS,ubicloud,185,326,1.31,5,34,21.73,84.17,11908,554,0.77,1.0,https://linkedin.com/in/umurc,https://x.com/UbicloudHQ
29201,Legora (formerly Leya),legora,W24,https://www.legora.com/,https://www.ycombinator.com/companies/legora,"Stockholm, Sweden",Sweden,65.0,The AI workspace for lawyers,,0,0,0.0,0,0,0.0,0.0,0,0,0.0,0.0,,
29180,Gumloop,gumloop,W24,https://www.gumloop.com/,https://www.ycombinator.com/companies/gumloop,"San Francisco, CA, USA",United States of America,15.0,A no-code platform for automating workflows with AI,gumloop,0,2,0.0,1,2,0.13,0.52,11,8,1.0,0.0,,
29179,Driver,driver,W24,https://www.driver.ai/,https://www.ycombinator.com/companies/driver,"Austin, TX, USA",United States of America,15.0,Context for Codebases,,0,0,0.0,0,0,0.0,0.0,0,0,0.0,0.0,,
29226,Greptile,greptile,W24,https://www.greptile.com,https://www.ycombinator.com/companies/greptile,"San Francisco, CA, USA",United States of America,20.0,AI code review agent with complete context of your codebase,greptileai,296,371,3.95,4,61,18.55,82.96,4,5,0.41,1.0,https://linkedin.com/in/dakshg,https://x.com/vaishaaant
29159,Healthtech 1,healthtech-1,S23,https://www.healthtech1.uk/,https://www.ycombinator.com/companies/healthtech-1,"London, UK",United Kingdom,28.0,Automating repetitive processes in healthcare,healthtech1,6,6,0.0,1,3,0.21,1.13,0,0,1.0,0.0,,
29177,Onyx,onyx,W24,https://www.onyx.app/,https://www.ycombinator.com/companies/onyx,"San Francisco, CA, USA",United States of America,20.0,Open Source AI Chat,,0,0,0.0,0,0,0.0,0.0,0,0,0.0,0.0,,
29086,Eden Care,eden-care,S23,https://www.edencaremedical.com/,https://www.ycombinator.com/companies/eden-care,"Nairobi, Kenya",Kenya,28.0,Digital health insurance for employers in Africa,Eden-Care,0,0,0.0,0,0,0.0,0.0,0,0,0.0,0.0,,
29108,Giga,giga,S23,https://giga.ai/,https://www.ycombinator.com/companies/giga,"San Francisco, CA, USA",United States of America,30.0,AI Support Agent for Enterprises.,,0,0,0.0,0,0,0.0,0.0,0,0,0.0,0.0,,
29079,Tiptap,tiptap,S23,https://tiptap.dev/,https://www.ycombinator.com/companies/tiptap,"Berlin, Germany",Germany,16.0,Developer toolkit for building collaborative apps.,tiptap,0,0,0.0,0,0,0.0,0.0,0,0,0.0,0.0,,
29082,Strada,strada,S23,https://www.getstrada.com/,https://www.ycombinator.com/companies/strada,"156 2nd St, San Francisco, CA 94105, USA",United States of America,10.0,Phone AI agents for insurance,StradaOne,0,0,0.0,0,0,0.0,0.0,0,0,0.0,0.0,,
29100,CheqUPI,chequpi,S23,https://www.cheq.money,https://www.ycombinator.com/companies/chequpi,"Bengaluru, Karnataka, India",India,15.0,India's first UPI wallet for foreign nationals and NRIs,,0,0,0.0,0,0,0.0,0.0,0,0,0.0,0.0,,
29042,Santé,sante,S23,https://santehq.com/,https://www.ycombinator.com/companies/sante,"New York, NY, USA",United States of America,10.0,All-in-one POS for liquor stores,,0,0,0.0,0,0,0.0,0.0,0,0,0.0,0.0,,
29069,HappyRobot,happyrobot,S23,https://happyrobot.ai,https://www.ycombinator.com/companies/happyrobot,"San Francisco, CA, USA",United States of America,80.0,Intelligence that runs your operations. ,happyrobot-ai,6,8,3.0,3,3,0.1,0.89,3,0,0.71,0.0,,
29041,Langdock,langdock,S23,https://langdock.com,https://www.ycombinator.com/companies/langdock,"Berlin, Germany",Germany,22.0,The all-in-one AI platform for companies.,Langdock,6,7,6.0,2,2,0.32,1.49,12,4,0.29,0.0,,
29040,Inventive AI,inventive-ai,S23,https://www.inventive.ai/,https://www.ycombinator.com/companies/inventive-ai,"Mountain View, CA, USA",United States of America,10.0,AI Agents For RFP and Questionnaire Response Automation ,,0,0,0.0,0,0,0.0,0.0,0,0,0.0,0.0,,
29026,SyntheticFi,syntheticfi,S23,https://www.syntheticfi.com/,https://www.ycombinator.com/companies/syntheticfi,Unknown,Remote,10.0,Low cost securities-backed lending for financial advisors and HNWI,,0,0,0.0,0,0,0.0,0.0,0,0,0.0,0.0,,
29019,Sendblue,sendblue,S23,https://www.sendblue.com,https://www.ycombinator.com/companies/sendblue,"New York, NY, USA",United States of America,50.0,iMessage for Sales,,0,0,0.0,0,0,0.0,0.0,0,0,0.0,0.0,,
29001,VectorShift,vectorshift,S23,https://www.vectorshift.ai,https://www.ycombinator.com/companies/vectorshift,Unknown,Unknown,16.0,No-Code Generative AI Automations Platform,vectorshift,0,0,0.0,0,0,0.0,0.0,0,0,0.0,0.0,,
29000,SafetyKit,safetykit,S23,https://www.safetykit.com/,https://www.ycombinator.com/companies/safetykit,"San Francisco, CA, USA",United States of America,10.0,"AI agents for risk, compliance, and safety",safetyKit,0,0,0.0,0,0,0.0,0.0,0,0,0.0,0.0,,
28935,Fortuna Health,fortuna-health,S23,https://fortunahealth.com/,https://www.ycombinator.com/companies/fortuna-health,"New York, NY, USA",United States of America,13.0,TurboTax for Medicaid,fortuna-health,0,0,0.0,0,0,0.0,0.0,0,0,0.0,0.0,,
28932,Respaid,respaid,S23,https://www.respaid.com,https://www.ycombinator.com/companies/respaid,"San Francisco, CA, USA",United States of America,42.0,"Respectful B2B Debt Collection, Powered by AI",Respaid-Inc,0,0,0.0,0,0,0.0,0.0,0,0,0.0,0.0,,
28923,Maven Bio,maven-bio,S23,https://mavenbio.com,https://www.ycombinator.com/companies/maven-bio,"Boston, MA, USA",United States of America,10.0,The AI Platform for Life Sciences Intelligence,MavenBiotechnologies,0,0,0.0,0,0,0.0,0.0,0,0,0.0,0.0,,
28956,Letter AI,letter-ai,S23,https://www.letter.ai,https://www.ycombinator.com/companies/letter-ai,"Chicago, IL, USA",United States of America,12.0,"Empowering B2B sellers with AI-powered training, coaching, and content",letter,0,0,0.0,0,0,0.0,0.0,0,0,0.0,0.0,,
28899,maintouch,maintouch,S23,https://maintouch.com/?utm_source=bookface&utm_medium=social&utm_campaign=profile,https://www.ycombinator.com/companies/maintouch,"New York, NY, USA",United States of America,11.0,Scale SEO and AI SEO from one platform.,maintouch,0,0,0.0,0,0,0.0,0.0,0,0,0.0,0.0,,
28929,Bretton AI,bretton-ai,S23,https://www.bretton.com/,https://www.ycombinator.com/companies/bretton-ai,"San Francisco, CA, USA",United States of America,34.0,"AI agents for financial compliance (AML, KYC and Sanctions)",,0,0,0.0,0,0,0.0,0.0,0,0,0.0,0.0,,
28893,VetRec,vetrec,S23,https://vetrec.io,https://www.ycombinator.com/companies/vetrec,"Seattle, WA, USA",United States of America,25.0,AI Scribe for veterinarians. Saving time and improving patient care.,,0,0,0.0,0,0,0.0,0.0,0,0,0.0,0.0,,
28883,Margin,margin,S23,https://usemargin.com/,https://www.ycombinator.com/companies/margin,Unknown,Unknown,10.0,POS & operating system that makes liquor stores more money,,0,0,0.0,0,0,0.0,0.0,0,0,0.0,0.0,,
28907,refine,refine,S23,https://refine.dev,https://www.ycombinator.com/companies/refine,"San Francisco, CA, USA",United States of America,10.0,Open-source Retool for enterprise,refinedev,100,100,0.0,1,7,10.0,31.62,34622,2978,0.88,0.2,https://linkedin.com/in/civan-,https://x.com/omerfarukaplak
28864,Outset,outset,S23,https://outset.ai/,https://www.ycombinator.com/companies/outset,"San Francisco, CA, USA",United States of America,30.0,AI-powered user interviews,outset,0,0,0.0,0,0,0.0,0.0,0,0,0.0,0.0,,
28880,FleetWorks,fleetworks,S23,https://fleetworks.ai,https://www.ycombinator.com/companies/fleetworks,"San Francisco, CA, USA",United States of America,20.0,AI enabled marketplace matching trucks with jobs,fleetworks-team,0,0,0.0,0,0,0.0,0.0,0,0,0.8,0.0,,
28844,Alguna,alguna,S23,https://alguna.com,https://www.ycombinator.com/companies/alguna,"San Francisco, CA, USA",United States of America,10.0,AI-Native CPQ & Billing for Modern Pricing Models,alguna-io,0,0,0.0,0,0,0.0,0.0,0,0,0.0,0.0,,
28842,Capi Money,capi-money,S23,https://www.capimoney.com,https://www.ycombinator.com/companies/capi-money,"London, UK",United Kingdom,40.0,Helping businesses in emerging markets make pay their international…,CapiMoney,0,0,0.0,0,0,0.0,0.0,0,0,0.0,0.0,,
28825,Solve Intelligence,solve-intelligence,S23,https://www.solveintelligence.com/,https://www.ycombinator.com/companies/solve-intelligence,Unknown,Unknown,25.0,"AI patent drafting, prosecution, harvesting and more for legal teams.",solveintelligence,0,0,0.0,0,0,0.0,0.0,0,0,0.0,0.0,,
28860,Terminal,terminal,S23,https://www.withterminal.com/,https://www.ycombinator.com/companies/terminal,"Toronto, ON, Canada",Canada,13.0,Plaid for Telematics Data in Commercial Trucking,Terminal,0,0,0.0,0,0,0.0,0.0,119,100,0.94,1.0,,
28845,Campfire,campfire-2,S23,https://meetcampfire.com/,https://www.ycombinator.com/companies/campfire-2,"California St, San Francisco, CA, USA",United States of America,45.0,A modern version of NetSuite,campfirein,197,200,65.67,4,28,4.44,29.81,3579,364,0.93,0.7,https://linkedin.com/in/johnglasgow,
28811,Casca,casca,S23,https://www.cascading.ai/,https://www.ycombinator.com/companies/casca,"San Francisco, CA, USA",United States of America,28.0,Make Banking Magical,casca,0,0,0.0,0,0,0.0,0.0,0,0,0.0,0.0,,
28817,Every,every,S23,https://every.io/,https://www.ycombinator.com/companies/every,Unknown,Remote,12.0,Banking + Payroll/Benefits + Bookkeeping + Tax in one place,every,0,0,0.0,0,0,0.0,0.0,2,0,0.0,0.0,,
28796,Sweetspot,sweetspot,S23,https://www.sweetspot.so/,https://www.ycombinator.com/companies/sweetspot,Unknown,Unknown,10.0,AI for Government Contracting.,sweetspot,0,0,0.0,0,0,0.0,0.0,0,0,0.0,0.0,,
28788,Hyperbound,hyperbound,S23,https://hyperbound.ai,https://www.ycombinator.com/companies/hyperbound,"San Francisco, CA, USA",United States of America,30.0,Revenue Activation Platform,Hyperbound,0,0,0.0,0,0,0.0,0.0,0,0,0.0,0.0,,
28804,Bland AI,bland-ai,S23,https://bland.com,https://www.ycombinator.com/companies/bland-ai,"San Francisco, CA, USA",United States of America,65.0,The enterprise platform for AI phone calls,Bland-AI,0,0,0.0,0,0,0.0,0.0,83,33,0.0,0.0,,
28815,Atla,atla,S23,https://www.atla-ai.com/,https://www.ycombinator.com/companies/atla,"London, UK",United Kingdom,10.0,The improvement engine for AI agents,,0,0,0.0,0,0,0.0,0.0,0,0,0.0,0.0,,
28784,Elyos AI,elyos-ai,S23,https://www.elyos.ai/,https://www.ycombinator.com/companies/elyos-ai,"London, UK",United Kingdom,20.0,AI Customer Service Agents for trades and field services,,0,0,0.0,0,0,0.0,0.0,0,0,0.0,0.0,,
28777,Twenty,twenty,S23,https://twenty.com,https://www.ycombinator.com/companies/twenty,"San Francisco, CA, USA",United States of America,10.0,Open Source CRM,,0,0,0.0,0,0,0.0,0.0,0,0,0.0,0.0,,
28663,kapa.ai,kapa-ai,S23,https://www.kapa.ai,https://www.ycombinator.com/companies/kapa-ai,Unknown,Remote,22.0,The fastest way to build AI assistants on technical content,,0,0,0.0,0,0,0.0,0.0,0,0,0.0,0.0,,
28650,Artie,artie,S23,https://www.artie.com/,https://www.ycombinator.com/companies/artie,"San Francisco, CA, USA",United States of America,12.0,Software that streams data from databases to warehouses in real-time,,0,0,0.0,0,0,0.0,0.0,0,0,0.0,0.0,,
28589,HockeyStack,hockeystack,S23,https://hockeystack.com,https://www.ycombinator.com/companies/hockeystack,"San Francisco, CA, USA",United States of America,65.0,The operating system for inbound B2B revenue,,0,0,0.0,0,0,0.0,0.0,0,0,0.0,0.0,,
28421,Metal,metal-2,W23,http://www.metal.so,https://www.ycombinator.com/companies/metal-2,"Los Angeles, CA, USA",United States of America,21.0,Metal is an AI-driven operating system for fundraising,,0,0,0.0,0,0,0.0,0.0,0,0,0.0,0.0,,
28409,LiteLLM,litellm,W23,https://www.litellm.ai/,https://www.ycombinator.com/companies/litellm,Unknown,Unknown,10.0,Call every LLM API like it's OpenAI [100+ LLMs],litellm,0,0,0.0,0,0,0.0,0.0,0,0,0.0,0.0,,
28404,Cercli,cercli,S23,https://www.cercli.com,https://www.ycombinator.com/companies/cercli,Unknown,Remote,22.0,Rippling for Middle East & North Africa,cercli,0,0,0.0,0,0,0.0,0.0,1,0,0.0,0.0,,
28417,Yuma AI,yuma-ai,W23,https://yuma.ai,https://www.ycombinator.com/companies/yuma-ai,"Boston, MA, USA",United States of America,26.0,The AI Support Agent for Ecommerce,,0,0,0.0,0,0,0.0,0.0,0,0,0.0,0.0,,
28416,Pierre,pierre,W23,https://pierre.co,https://www.ycombinator.com/companies/pierre,"San Francisco, CA, USA",United States of America,10.0,"Pierre is a new, opinionated, git platform.",pierrecomputer,124,186,2.0,4,11,18.6,58.82,1919,51,0.86,0.67,https://linkedin.com/in/jacob-thornton-13a6a5162,https://x.com/fat
28369,Warp,warp,W23,https://www.joinwarp.com/,https://www.ycombinator.com/companies/warp,"New York, NY, USA",United States of America,30.0,AI-native Employee Management Platform for High-Growth Companies,,0,0,0.0,0,0,0.0,0.0,0,0,0.0,0.0,,
28178,Vector,vector,W23,https://vector.co,https://www.ycombinator.com/companies/vector,"Boston, MA, USA",United States of America,20.0,Advertising for the new internet,vector,0,0,0.0,0,0,0.0,0.0,0,0,0.0,0.0,,
28116,Wallbit,wallbit,W23,https://wallbit.io,https://www.ycombinator.com/companies/wallbit,"Buenos Aires, Argentina",Argentina,17.0,Neobank for global remote workers,Wallbit,10,19,1.11,2,2,1.12,4.61,0,0,0.0,0.0,,
28216,Escape,escape,W23,https://escape.tech,https://www.ycombinator.com/companies/escape,"New York, NY, USA",United States of America,29.0,The only DAST that works with modern stack and tests business logic,Escape-Technologies,34,141,0.32,5,8,4.86,26.18,621,53,0.76,0.6,https://linkedin.com/in/tkalos,https://x.com/escapetechhq
28183,Metal,metal,W23,https://metal.ai/,https://www.ycombinator.com/companies/metal,"New York, NY, USA",United States of America,17.0,Institutional Intelligence for Private Equity,metal,0,0,0.0,0,0,0.0,0.0,241,93,0.51,0.57,,
28090,Littio,littio,W23,https://www.littio.co/,https://www.ycombinator.com/companies/littio,"Bogotá, Bogota, Colombia",Colombia,37.0,Dollar banking for people in Latin America,Littio,0,0,0.0,0,0,0.0,0.0,0,0,0.0,0.0,,
28115,Vellum,vellum,W23,https://www.vellum.ai/,https://www.ycombinator.com/companies/vellum,"New York, NY, USA",United States of America,23.0,The AI Product Development Platform,vellum-ai,70,242,0.41,5,7,10.52,50.46,94,31,0.75,0.0,https://linkedin.com/in/akash-sharma53,
28098,Resend,resend,W23,https://resend.com,https://www.ycombinator.com/companies/resend,Unknown,Remote,23.0,Email for developers,resend,12,58,0.26,5,10,2.52,12.09,245,32,0.63,0.2,https://linkedin.com/in/zenorocha,https://x.com/resend
28045,Peeba,peeba,W23,http://peeba.com/,https://www.ycombinator.com/companies/peeba,"Jakarta, Indonesia",Indonesia,30.0,Risk-free wholesale for retailers across Southeast Asia,Peeba-Tech,0,0,0.0,0,0,0.0,0.0,0,0,0.0,0.0,,
28088,Waza,waza,W23,https://waza.co/,https://www.ycombinator.com/companies/waza,"Lagos, Nigeria",Nigeria,28.0,B2B payments platform for emerging markets.,,0,0,0.0,0,0,0.0,0.0,0,0,0.0,0.0,,
28007,Milio,milio,W23,http://www.miliopay.com,https://www.ycombinator.com/companies/milio,"Bogotá, Bogota, Colombia",Colombia,16.0,B2B-2C real-time account to account payments,MiliON-Dreams-Studio,0,0,0.0,0,0,0.0,0.0,0,0,0.0,0.0,,
28019,inBuild,inbuild,W23,https://www.inbuild.ai/,https://www.ycombinator.com/companies/inbuild,"Wilmington, DE, USA",United States of America,12.0,Workflow Automation for Construction Finance ,inbuild-ai,0,0,0.0,0,0,0.0,0.0,0,0,0.0,0.0,,
28006,Mantys,mantys,W23,https://www.mantys.io/,https://www.ycombinator.com/companies/mantys,"Bengaluru, Karnataka, India",India,12.0,ARR Reporting and Forecasting for SaaS companies,mantys9,0,0,0.0,0,0,0.0,0.0,0,0,0.0,0.0,,
27982,Clueso,clueso,W23,https://clueso.io,https://www.ycombinator.com/companies/clueso,"Bengaluru, Karnataka, India",India,25.0,Create beautiful videos & docs for any product or process in minutes,CluesoftGameStudios,0,0,0.0,0,0,0.0,0.0,0,0,0.0,0.0,,
28069,Pylon,pylon-2,W23,https://usepylon.com/?utm_source=bookface&utm_medium=referral&utm_campaign=pylon-profile,https://www.ycombinator.com/companies/pylon-2,"San Francisco, CA, USA",United States of America,70.0,The only customer support platform built for B2B.,pylon,0,0,0.0,0,0,0.0,0.0,56,6,0.9,0.5,,
27968,Alaan,alaan,W23,https://www.alaan.com/,https://www.ycombinator.com/companies/alaan,Dubai - United Arab Emirates,United Arab Emirates,160.0,Modern finance platform for the Middle East,AlaanPay,0,0,0.0,0,0,0.0,0.0,0,0,0.0,0.0,,
27987,Shekel Mobility,shekel-mobility,W23,https://www.shekelmobility.com/,https://www.ycombinator.com/companies/shekel-mobility,"Lagos, Nigeria",Nigeria,18.0,B2B marketplace for Auto Dealers in Africa,,0,0,0.0,0,0,0.0,0.0,0,0,0.0,0.0,,
27965,Odigos Technologies Inc.,odigos-technologies-inc,W23,https://odigos.io,https://www.ycombinator.com/companies/odigos-technologies-inc,"Boston, MA, USA",United States of America,16.0,Enterprise-Grade OpenTelemetry,Odigos,0,0,0.0,0,0,0.0,0.0,0,0,0.0,0.0,,
27966,CombineHealth,combinehealth,W23,https://www.combinehealth.ai/,https://www.ycombinator.com/companies/combinehealth,"San Francisco, CA, USA",United States of America,15.0,Automating Healthcare Revenue Cycle Management with AI Workforce,,0,0,0.0,0,0,0.0,0.0,0,0,0.0,0.0,,
27957,Infinia,infinia,W23,https://www.infiniaweb.com/,https://www.ycombinator.com/companies/infinia,Unknown,Remote,12.0,Move money programmatically,infiniai-tech,101,133,3.16,2,12,11.08,38.39,1,1,1.0,0.0,https://linkedin.com/in/ianai-urwicz-ab0b932,https://x.com/AleRettig
27961,Hona,hona,W23,https://hona.com,https://www.ycombinator.com/companies/hona,"Orem, UT, USA",United States of America,64.0,The Domino's Pizza Tracker for lawyers and their clients.,,0,0,0.0,0,0,0.0,0.0,0,0,0.0,0.0,,
27949,Onshore,onshore,W23,https://onshore.com,https://www.ycombinator.com/companies/onshore,"New York, NY, USA",United States of America,60.0,AI for corporate tax,,0,0,0.0,0,0,0.0,0.0,0,0,0.0,0.0,,
27943,Hadrius,hadrius,W23,https://www.hadrius.com,https://www.ycombinator.com/companies/hadrius,"New York, NY, USA",United States of America,51.0,Automating Securities Compliance,,0,0,0.0,0,0,0.0,0.0,0,0,0.0,0.0,,
27906,1stCollab,1stcollab,W23,https://1stcollab.com/,https://www.ycombinator.com/companies/1stcollab,"San Francisco, CA, USA",United States of America,11.0,Performance-Optimized Influencer Marketing at Scale,,0,0,0.0,0,0,0.0,0.0,0,0,0.0,0.0,,
27896,Truewind,truewind,W23,https://www.trytruewind.com,https://www.ycombinator.com/companies/truewind,"San Francisco, CA, USA",United States of America,30.0,AI-Powered Accounting,,0,0,0.0,0,0,0.0,0.0,0,0,0.0,0.0,,
27873,Floworks,floworks,W23,https://floworks.ai/,https://www.ycombinator.com/companies/floworks,"San Francisco, CA, USA",United States of America,20.0,Hire the best AI Sales employees | AI SDR | AI RevOps | AI EA,FloWorks,0,0,0.0,0,0,0.0,0.0,0,0,0.0,0.0,,
27871,Extend,extend,W23,https://www.extend.ai/,https://www.ycombinator.com/companies/extend,"New York, NY, USA",United States of America,20.0,Production-ready document processing,extend,0,0,0.0,0,0,0.0,0.0,122,51,1.0,0.5,,
27862,Bluedot,bluedot,W23,https://thebluedot.co/,https://www.ycombinator.com/companies/bluedot,"San Francisco, CA, USA",United States of America,15.0,Bluedot is a single payment platform for EV drivers and fleets.,bluedot,0,0,0.0,0,0,0.0,0.0,2,1,1.0,0.0,,
27854,Suger,suger,W23,https://www.suger.io/,https://www.ycombinator.com/companies/suger,"San Francisco, CA, USA",United States of America,50.0,"Salesforce for Cloud marketplaces on AWS, Azure, GCP",sugerio,3,3,0.0,1,1,0.06,0.42,0,1,0.69,1.0,,
27881,Inkeep,inkeep,W23,https://inkeep.com,https://www.ycombinator.com/companies/inkeep,"San Francisco, CA, USA",United States of America,17.0,Build AI Agent teammates and automations in code or no-code,inkeep,228,243,15.2,5,19,14.29,58.94,980,103,0.57,0.0,https://linkedin.com/in/edwinngomez,https://x.com/robert_inkeep
27844,Cloudchipr,cloudchipr,W23,https://cloudchipr.com/,https://www.ycombinator.com/companies/cloudchipr,"Berlin, Germany",Germany,25.0,The #1 Actionable FinOps Platform,cloudchipr,7,14,1.0,1,2,0.56,2.8,1,0,0.89,0.0,,
27841,Bujeti,bujeti,W23,https://www.bujeti.com,https://www.ycombinator.com/companies/bujeti,"Lagos, Nigeria",Nigeria,10.0,Corporate cards and expenses management platform for African…,BujetiHQ,0,0,0.0,0,0,0.0,0.0,0,0,0.0,0.0,,
27837,Pirros,pirros,W23,http://pirros.com,https://www.ycombinator.com/companies/pirros,"Los Angeles, CA, USA",United States of America,44.0,Github for Construction,Pirros-io,0,0,0.0,0,0,0.0,0.0,0,0,0.0,0.0,,
27817,JustPaid,justpaid,W23,https://www.justpaid.ai,https://www.ycombinator.com/companies/justpaid,"Mountain View, CA, USA",United States of America,20.0,Billing Automation for B2B that actually works.,JustPaid,0,0,0.0,0,0,0.0,0.0,0,0,0.0,0.0,,
27839,Cosine,cosine,W23,http://www.cosine.sh,https://www.ycombinator.com/companies/cosine,"London, UK",United Kingdom,12.0,Fully Agentic SWE,CosineAI,108,108,0.0,4,4,9.0,31.18,0,0,0.86,0.0,https://linkedin.com/in/alistair-pullen-616129226,https://x.com/yangli_
27811,Tennr,tennr,W23,https://www.tennr.com,https://www.ycombinator.com/companies/tennr,"New York, NY, USA",United States of America,135.0,"Fast, Transparent Patient Experiences",Tennr-Inc,0,0,0.0,0,0,0.0,0.0,0,1,0.75,0.0,,
27838,Flower,flower,W23,https://flower.ai,https://www.ycombinator.com/companies/flower,Unknown,Remote,20.0,Train AI on distributed data,flowersteam,17,27,1.7,5,4,1.35,6.04,277,29,0.94,0.62,,
27813,Omnistrate,omnistrate,W23,http://www.omnistrate.com,https://www.ycombinator.com/companies/omnistrate,"Redwood City, CA, USA",United States of America,15.0,Transform any software to multi-cloud SaaS in minutes not years,omnistrate,8,19,0.73,2,3,1.27,4.91,7,5,1.0,1.0,,
27735,Numeral,numeral,W23,https://www.numeral.com/,https://www.ycombinator.com/companies/numeral,"San Francisco, CA, USA",United States of America,85.0,The AI-native sales tax solution.,gonumeral,0,0,0.0,0,0,0.0,0.0,0,1,1.0,0.0,,
27710,Hammr,hammr,W23,https://www.hammr.com,https://www.ycombinator.com/companies/hammr,"San Francisco, CA, USA",United States of America,10.0,Rippling for the Construction Industry,hammre,0,0,0.0,0,0,0.0,0.0,6,1,0.0,0.0,,
27808,Salient,salient,W23,https://www.trysalient.com,https://www.ycombinator.com/companies/salient,"San Francisco, CA, USA",United States of America,40.0,AI Servicing for Auto Lenders,,0,0,0.0,0,0,0.0,0.0,0,0,0.0,0.0,,
27692,Rollstack,rollstack-2,W23,https://www.rollstack.com,https://www.ycombinator.com/companies/rollstack-2,"New York, NY, USA",United States of America,30.0,Automate data-driven slide decks and documents with AI,Rollstack,0,0,0.0,0,0,0.0,0.0,0,0,0.0,0.0,,
27700,Latent,latent,W23,https://latenthealth.com,https://www.ycombinator.com/companies/latent,"San Francisco, CA, USA",United States of America,50.0,Medical language models to automate healthcare operations,latentcat,0,3,0.0,1,1,0.06,0.42,3,1,0.0,0.0,,
27673,Reflex,reflex,W23,https://reflex.dev,https://www.ycombinator.com/companies/reflex,"San Francisco, CA, USA",United States of America,10.0,The operating system for building mission-critical enterprise apps.,reflex,0,0,0.0,0,0,0.0,0.0,80,34,1.0,1.0,,
27667,StackAI,stackai,W23,https://www.stack-ai.com,https://www.ycombinator.com/companies/stackai,"San Francisco, CA, USA",United States of America,55.0,The Enterprise AI Transformation Platform,stackai,0,4,0.0,1,3,0.07,0.54,0,0,0.14,0.0,,
27666,Middleware,middleware,W23,https://www.middleware.io,https://www.ycombinator.com/companies/middleware,"133 Kearny St, San Francisco, CA 94108, USA",United States of America,40.0,AI-based full stack observability platform,Middleware,0,0,0.0,0,0,0.0,0.0,0,0,0.0,0.0,,
27683,Versori,versori,W23,https://www.versori.com/,https://www.ycombinator.com/companies/versori,"Manchester, UK",United Kingdom,16.0,Agentic integrations & automations for enterprise,versori,24,52,0.86,3,5,3.25,13.0,1,4,0.98,0.0,https://linkedin.com/in/sean1brown,
27690,Credal.ai,credal-ai,W23,https://credal.ai,https://www.ycombinator.com/companies/credal-ai,"New York, NY, USA",United States of America,14.0,Connect AI to every tool. Enterprise security built in.,Credal-ai,46,118,0.64,3,16,8.43,31.54,85,9,0.78,0.0,https://linkedin.com/in/ravin-thambapillai-77aa0a11,https://x.com/ravin_tham
27655,Avoca,avoca,W23,https://www.avoca.ai/,https://www.ycombinator.com/companies/avoca,Unknown,Unknown,85.0,AI-powered Sales Agent for Service-Based Industries,,0,0,0.0,0,0,0.0,0.0,0,0,0.0,0.0,,
27664,Infisical,infisical,W23,https://infisical.com,https://www.ycombinator.com/companies/infisical,"San Francisco, CA, USA",United States of America,40.0,"Unified platform for secrets, certs, and privileged access management",Infisical,168,339,0.98,5,19,8.47,53.6,25296,1764,0.78,0.15,https://linkedin.com/in/vmatsiiako,https://x.com/infisical
27268,Materee,materee,S22,https://materee.id,https://www.ycombinator.com/companies/materee,"Jakarta, Indonesia",Indonesia,20.0,E-commerce platform for construction materials in Indonesia,,0,0,0.0,0,0,0.0,0.0,0,0,0.0,0.0,,
27267,Ping,ping,S22,https://www.letsping.com/,https://www.ycombinator.com/companies/ping,"Buenos Aires, Argentina",Argentina,20.0,The global neo-bank for contractors and freelancers,,0,0,0.0,0,0,0.0,0.0,0,0,0.0,0.0,,
27258,AccessOwl,accessowl,S22,https://www.accessowl.io/,https://www.ycombinator.com/companies/accessowl,"Berlin, Germany",Germany,10.0,Managing your Employees' Access to SaaS,,0,0,0.0,0,0,0.0,0.0,0,0,0.0,0.0,,
27252,Landeed,landeed,S22,https://www.landeed.com/,https://www.ycombinator.com/companies/landeed,"Hyderabad, Telangana, India",India,35.0,"Landeed is India’s digital infrastructure for property intelligence,…",,0,0,0.0,0,0,0.0,0.0,0,0,0.0,0.0,,
27250,Axle,axle,S22,https://axle.insure,https://www.ycombinator.com/companies/axle,"New York, NY, USA",United States of America,10.0,Universal API for insurance,,0,0,0.0,0,0,0.0,0.0,0,0,0.0,0.0,,
27222,Kamion,kamion,S22,https://www.kamion.co,https://www.ycombinator.com/companies/kamion,"Istanbul, Turkey",Turkey,35.0,Uber for Trucks for Turkey,Kamion,0,0,0.0,0,0,0.0,0.0,0,1,0.0,0.0,,
27205,Kashin,kashin,S22,https://kashin.app/,https://www.ycombinator.com/companies/kashin,"Lima, Peru",Peru,45.0,Credit for the emerging economy in Latam,kashin-dev,9,9,0.0,1,3,0.2,1.34,4,2,1.0,0.0,,
27194,REVER,rever,S22,https://itsrever.com/,https://www.ycombinator.com/companies/rever,"Barcelona, Spain",Spain,35.0,Changing the way people buy by giving superpowers to shoppers,reversinglabs,6,22,0.38,5,3,0.63,3.72,8,4,0.96,0.0,,
27166,Wondercraft,wondercraft,S22,https://wondercraft.ai/,https://www.ycombinator.com/companies/wondercraft,"London, UK",United Kingdom,15.0,Create video by chatting to AI,Wondercraft,0,0,0.0,0,0,0.0,0.0,0,0,0.0,0.0,,
27191,AlgoTest,algotest,S22,https://algotest.in,https://www.ycombinator.com/companies/algotest,"Delhi, India",India,28.0,Ecosystem for options trading in India,Algo-Test,0,0,0.0,0,0,0.0,0.0,5,9,1.0,0.0,,
27178,Pump.co,pump-co,S22,https://www.pump.co/,https://www.ycombinator.com/companies/pump-co,"San Francisco, CA, USA",United States of America,75.0,The Costco for cloud is here 🔥🔥,,0,0,0.0,0,0,0.0,0.0,0,0,0.0,0.0,,
27164,autone,autone,S22,https://autone.io,https://www.ycombinator.com/companies/autone,"London, UK",United Kingdom,70.0,Inventory management SaaS for Retail & Consumer brands,autonetops,5,20,0.33,2,1,0.29,2.39,0,1,0.0,0.0,,
27142,Invofox,invofox,S22,https://invofox.com,https://www.ycombinator.com/companies/invofox,"Madrid, Spain",Spain,12.0,INVOFOX is the document processing AI for software companies,invofox,0,0,0.0,0,0,0.0,0.0,0,0,0.0,0.0,,
27137,PrimeVault,primevault,S22,https://www.primevault.com,https://www.ycombinator.com/companies/primevault,"San Francisco, CA, USA",United States of America,11.0,Infrastructure powering stablecoin and digital finance,Primevault-Enterprises,0,0,0.0,0,0,0.0,0.0,0,0,0.0,0.0,,
27097,Findly,findly,S22,https://www.findly.ai/join,https://www.ycombinator.com/companies/findly,"London, UK",United Kingdom,11.0,Co-pilot for Business Intelligence,findly,0,0,0.0,0,0,0.0,0.0,0,0,0.0,0.0,,
27162,Oneleet,oneleet,S22,https://www.oneleet.com/?utm_source=yc&utm_medium=bookface,https://www.ycombinator.com/companies/oneleet,Unknown,Remote,50.0,"YC's most popular security compliance platform (SOC 2, ISO 27001,…",Oneleet,5,20,0.33,4,7,0.4,2.83,5,3,0.98,0.0,,
27094,nsave,nsave,S22,https://www.nsave.com,https://www.ycombinator.com/companies/nsave,"London, UK",United Kingdom,20.0,Trusted $€£ accounts abroad for people from unstable economies.,,0,0,0.0,0,0,0.0,0.0,0,0,0.0,0.0,,
27152,Firecrawl,firecrawl,S22,https://www.firecrawl.dev,https://www.ycombinator.com/companies/firecrawl,"San Francisco, CA, USA",United States of America,15.0,The web data API for AI,firecrawl,318,336,17.67,5,15,22.4,86.75,93774,6932,0.65,0.32,https://linkedin.com/in/caleb-peffer,https://x.com/firecrawl_dev
27090,CompUp,compup,S22,https://www.compup.io,https://www.ycombinator.com/companies/compup,"Bengaluru, Karnataka, India",India,35.0,Building a compensation graph to help companies optimise people spend,CompupharmLTD,0,0,0.0,0,0,0.0,0.0,1,0,0.0,0.0,,
27086,AiPrise,aiprise,S22,https://aiprise.com/,https://www.ycombinator.com/companies/aiprise,"Santa Clara, CA, USA",United States of America,42.0,AI-powered Global Compliance Platform,AiPrise,0,0,0.0,0,0,0.0,0.0,0,0,0.0,0.0,,
27052,Quindar,quindar,S22,https://www.quindar.space,https://www.ycombinator.com/companies/quindar,"Denver, CO, USA",United States of America,41.0,The platform to monitor and automate satellite operations,quindarspace,0,0,0.0,0,0,0.0,0.0,0,0,0.0,0.0,,
27054,Ekho,ekho,S22,https://www.ekho.com,https://www.ycombinator.com/companies/ekho,"New York, NY, USA",United States of America,30.0,Shopify for vehicles,,0,0,0.0,0,0,0.0,0.0,0,0,0.0,0.0,,
27047,Plutto,plutto,S22,https://getplutto.com/,https://www.ycombinator.com/companies/plutto,"Santiago, Santiago Metropolitan Region, Chile",Chile,20.0,Supply-chain risk management and compliance platform for Latin…,plutto,0,0,0.0,0,0,0.0,0.0,0,0,0.0,0.0,,
27092,Lamin,lamin,S22,https://lamin.ai,https://www.ycombinator.com/companies/lamin,Unknown,Remote,10.0,Open data framework for biology,laminas,58,107,1.18,5,9,10.7,33.84,312,110,0.83,0.24,https://linkedin.com/in/falexwolf,https://x.com/sunnyosun
27050,Kombo,kombo,S22,https://kombo.dev,https://www.ycombinator.com/companies/kombo,"Berlin, Germany",Germany,20.0,"Unified API for HR, payroll and recruiting software",kombohq,29,79,0.58,3,6,3.95,17.66,28,3,0.94,1.0,https://linkedin.com/in/alexander-kuebel-8b8351180,
26913,Aurelian,aurelian,S22,https://www.aurelian.com/,https://www.ycombinator.com/companies/aurelian,"Seattle, WA, USA",United States of America,45.0,Automating non-emergency calls for 911 centers,AurelianIndustries,0,0,0.0,0,0,0.0,0.0,0,0,0.0,0.0,,
27038,Fini,fini,S22,https://www.usefini.com,https://www.ycombinator.com/companies/fini,"Amsterdam, Netherlands",Netherlands,14.0,Fini | Automate 80% of enterprise support with AI agents,,0,0,0.0,0,0,0.0,0.0,0,0,0.0,0.0,,
26897,AviaryAI,aviaryai,S22,http://www.helloaviary.ai,https://www.ycombinator.com/companies/aviaryai,"Chicago, IL, USA",United States of America,10.0,Outbound AI voice agents for the financial services industry,AviaryAI,0,0,0.0,0,0,0.0,0.0,0,0,0.0,0.0,,
26898,Diversion,diversion,S22,https://diversion.dev,https://www.ycombinator.com/companies/diversion,"San Francisco, CA, USA",United States of America,14.0,"A scalable, cloud-native Perforce and Git alternative",DiversionCompany,0,0,0.0,0,0,0.0,0.0,0,2,1.0,0.0,,
27037,Metriport,metriport,S22,https://metriport.com/,https://www.ycombinator.com/companies/metriport,"San Francisco, CA, USA",United States of America,16.0,Open-Source Platform for Healthcare Data Intelligence,metriport,27,32,5.4,2,3,2.0,8.0,714,86,0.98,0.67,https://linkedin.com/in/dimagoncharov,https://x.com/ColinElsinga
26884,Alphawatch AI,alphawatch-ai,W23,https://alphawatch.ai,https://www.ycombinator.com/companies/alphawatch-ai,"New York, NY, USA",United States of America,10.0,AI Employees for Finance,Alphawatch-AI,0,1,0.0,1,1,0.1,0.32,0,0,1.0,0.0,,
26882,Coris,coris,S22,https://coris.ai/,https://www.ycombinator.com/companies/coris,"San Francisco, CA, USA",United States of America,10.0,"AI risk and ops platform for Payment Processors, Banks, SaaS…",,0,0,0.0,0,0,0.0,0.0,0,0,0.0,0.0,,
26881,Bitstack,bitstack,S22,https://www.bitstack-app.com,https://www.ycombinator.com/companies/bitstack,"Paris, France",France,16.0,"All things money, with better money",,0,0,0.0,0,0,0.0,0.0,0,0,0.0,0.0,,
26877,Peoplebox.ai,peoplebox,S22,https://www.peoplebox.ai,https://www.ycombinator.com/companies/peoplebox,"San Francisco, CA, USA",United States of America,35.0,"AI talent platform to hire, manage, and grow your people ",,0,0,0.0,0,0,0.0,0.0,0,0,0.0,0.0,,
26871,Shipmates,shipmates,S22,https://shipmates.app,https://www.ycombinator.com/companies/shipmates,"Makati, Metro Manila, Philippines",Philippines,12.0,Shipping platform for online merchants in the Philippines,ShipMates,0,0,0.0,0,0,0.0,0.0,0,0,0.0,0.0,,
26870,Thera,thera,S22,https://www.getthera.com,https://www.ycombinator.com/companies/thera,"New York, NY, USA",United States of America,15.0,AI-Native Finance OS,,0,0,0.0,0,0,0.0,0.0,0,0,0.0,0.0,,
26863,Provision,provision,S22,https://useprovision.com,https://www.ycombinator.com/companies/provision,"Toronto, ON, Canada",Canada,11.0,Ironclad for construction,,0,0,0.0,0,0,0.0,0.0,0,0,0.0,0.0,,
26869,Sytex,sytex,S22,https://www.sytex.io,https://www.ycombinator.com/companies/sytex,"Córdoba, Cordoba, Argentina",Argentina,22.0,Project management platform for Field Infrastructure.,Sytex,24,95,0.34,1,3,4.32,20.25,1,0,1.0,0.0,https://linkedin.com/in/mariano-lisiotti-0635622,https://x.com/MarianoODD1
26859,Typewise,typewise,S22,https://typewise.app,https://www.ycombinator.com/companies/typewise,"Zürich, Switzerland",Switzerland,12.0,Boosting customer service and sales productivity by 2-3x.,Typewise,16,16,0.0,1,1,1.33,4.62,11,0,0.0,1.0,,
26860,NewsCatcher,newscatcher,S22,https://newscatcherapi.com/,https://www.ycombinator.com/companies/newscatcher,"Kyiv, Ukraine, 02000",Ukraine,22.0,Turning the web into a structured database of real world events.,Newscatcher,10,43,0.3,4,3,1.95,9.17,0,1,0.68,0.0,https://linkedin.com/in/artem-bugara,https://x.com/kizy625
26837,Unify,unify,W23,https://unify.ai,https://www.ycombinator.com/companies/unify,"London, UK",United Kingdom,10.0,Hire AI — Not APIs ✨,unify,0,0,0.0,0,0,0.0,0.0,154,17,1.0,0.0,,
26803,Tank Payments,tank-payments,S22,https://www.tankpayments.com/,https://www.ycombinator.com/companies/tank-payments,"Austin, TX, USA",United States of America,10.0,Modern financial infrastructure for the trucking industry.,tank-payments,0,0,0.0,0,0,0.0,0.0,0,0,1.0,0.0,,
26800,Juicebox,juicebox,S22,https://juicebox.ai/,https://www.ycombinator.com/companies/juicebox,"San Francisco, CA, USA",United States of America,35.0,AI-powered talent sourcing for recruiters,,0,0,0.0,0,0,0.0,0.0,0,0,0.0,0.0,,
26797,Rio,rio,S22,https://www.rio.trade,https://www.ycombinator.com/companies/rio,"Mexico City, CDMX, Mexico",Mexico,10.0,LATAM’s largest stablecoin FX and liquidity provider,,0,0,0.0,0,0,0.0,0.0,0,0,0.0,0.0,,
26795,Gullak Money,gullak-money,S22,https://gullak.money,https://www.ycombinator.com/companies/gullak-money,"Bengaluru, Karnataka, India",India,15.0,Gullak automates savings & invests these in gold,,0,0,0.0,0,0,0.0,0.0,0,0,0.0,0.0,,
26793,Windmill,windmill,S22,https://windmill.dev,https://www.ycombinator.com/companies/windmill,"Paris, France",France,10.0,Open-source platform to turn scripts into internal apps & workflows,windmill,0,0,0.0,0,0,0.0,0.0,287,51,0.5,0.27,,
26768,Disclo,disclo,S22,http://www.disclo.com,https://www.ycombinator.com/companies/disclo,"Austin, TX, USA",United States of America,10.0,Health disclosure and accommodation management platform,disclo,0,0,0.0,0,0,0.0,0.0,0,0,0.0,0.0,,
26778,Blee,blee,S22,https://www.blee.com,https://www.ycombinator.com/companies/blee,"New York, NY, USA",United States of America,15.0,"Smart, fast, and collaborative compliance reviews ",,0,0,0.0,0,0,0.0,0.0,0,0,0.0,0.0,,
26742,Boostly,boostly,S22,https://boostly.com,https://www.ycombinator.com/companies/boostly,"Lehi, UT, USA",United States of America,50.0,Premier growth platform for restaurants,Boostly,0,9,0.0,1,1,0.18,1.27,0,0,0.0,0.0,,
26792,Activepieces,activepieces,S22,https://www.activepieces.com,https://www.ycombinator.com/companies/activepieces,"San Francisco, CA, USA",United States of America,10.0,"Open-source, AI-first and no-code business automation tool",activepieces,159,214,2.89,3,20,21.4,67.67,21080,3383,0.79,0.02,https://linkedin.com/in/ashrafsam,https://x.com/mabuaboud
26713,Pasito,pasito,S22,https://pasito.ai,https://www.ycombinator.com/companies/pasito,"New York, NY, USA",United States of America,20.0,AI agents for insurance and benefits,Pasitochki,0,0,0.0,0,0,0.0,0.0,0,0,0.0,0.0,,
26711,Devyce,devyce,S22,https://devyce.com,https://www.ycombinator.com/companies/devyce,"London, UK",United Kingdom,20.0,The global mobile network for business. ,devyce,0,0,0.0,0,0,0.0,0.0,0,0,0.0,0.0,,
26727,Moneco,moneco,S22,https://moneco.app/,https://www.ycombinator.com/companies/moneco,"Paris, France",France,15.0,Neobank for African migrants in Europe,MonecoHQ,0,0,0.0,0,0,0.0,0.0,1,0,0.0,0.0,,
26749,Ballerine,ballerine,S22,http://www.ballerine.com,https://www.ycombinator.com/companies/ballerine,Unknown,Unknown,16.0,Agentic Intelligence Layer for Merchant Risk Decisions,ballerine-io,0,0,0.0,0,0,0.0,0.0,2358,280,0.15,0.0,,
26707,Chariot,chariot-2,S22,https://givechariot.com/,https://www.ycombinator.com/companies/chariot-2,"New York, NY, USA",United States of America,24.0,A payment network connecting nonprofits to the $326B in DAFs,chariot,0,0,0.0,0,0,0.0,0.0,0,0,0.0,0.0,,
26704,Two Dots,two-dots,S22,https://www.twodots.net/,https://www.ycombinator.com/companies/two-dots,"San Francisco, CA, USA",United States of America,18.0,AI fraud prevention and underwriting agent,two-dots,0,0,0.0,0,0,0.0,0.0,0,0,0.0,0.0,,
26710,Tailor,tailor,S22,https://www.tailor.tech/,https://www.ycombinator.com/companies/tailor,"Tokyo, Japan",Japan,40.0,Headless ERP for retail operations,Tailor,9,33,0.38,3,1,0.82,5.22,0,0,0.0,0.0,https://linkedin.com/in/yo-shibata-12742621,https://x.com/yoyoshibata
26693,SigmaMind AI,sigmamind-ai,S22,https://sigmamind.ai?utm_source=yc&utm_medium=web,https://www.ycombinator.com/companies/sigmamind-ai,"Bengaluru, Karnataka, India",India,12.0,Platform to build enterprise-ready voice/chat agents,SigmaMind-Research,0,0,0.0,0,0,0.0,0.0,1,2,0.97,1.0,,
26670,Julius,julius,S22,https://julius.ai,https://www.ycombinator.com/companies/julius,"San Francisco, CA, USA",United States of America,15.0,AI Data Scientist,,0,0,0.0,0,0,0.0,0.0,0,0,0.0,0.0,,
26661,Stream,stream,S22,http://www.stream.claims,https://www.ycombinator.com/companies/stream,"San Francisco, CA, USA",United States of America,15.0,The AI Claims Workbench automating insurance claims ,,0,0,0.0,0,0,0.0,0.0,0,0,0.0,0.0,,
26505,Layerup,layerup,S22,https://www.uselayerup.com/,https://www.ycombinator.com/companies/layerup,"San Francisco, CA, USA",United States of America,11.0,Agentic AI OS for Financial Services and Insurance,,0,0,0.0,0,0,0.0,0.0,0,0,0.0,0.0,,
26476,Pana,pana,S22,http://Holapana.com,https://www.ycombinator.com/companies/pana,"Miami, FL, USA",United States of America,14.0,A Global Bank on Chain,,0,0,0.0,0,0,0.0,0.0,0,0,0.0,0.0,,
26413,Medplum,medplum,S22,https://www.medplum.com,https://www.ycombinator.com/companies/medplum,"San Francisco, CA, USA",United States of America,12.0,API first electronic health record (EHR) that is open source,,0,0,0.0,0,0,0.0,0.0,0,0,0.0,0.0,,
26303,Massdriver,massdriver,W22,https://massdriver.cloud,https://www.ycombinator.com/companies/massdriver,"Los Angeles, CA, USA",United States of America,11.0,"Deploy secure, scalable cloud infrastructure in minutes not days",,0,0,0.0,0,0,0.0,0.0,0,0,0.0,0.0,,
26277,CrediBook,credibook,W22,https://credibook.com/,https://www.ycombinator.com/companies/credibook,"Jakarta, Indonesia",Indonesia,53.0,Faire for Indonesia,credibook,0,0,0.0,0,0,0.0,0.0,0,0,0.0,0.0,,
26267,Fresh Factory,fresh-factory,W22,http://freshfactory.id/,https://www.ycombinator.com/companies/fresh-factory,"Jakarta, Indonesia",Indonesia,100.0,Smart Cold Chain Fulfillment Platform,Fresh-Factory,0,0,0.0,0,0,0.0,0.0,0,0,0.0,0.0,,
26296,Reality Defender,reality-defender,W22,http://www.realitydefender.com,https://www.ycombinator.com/companies/reality-defender,"New York, NY, USA",United States of America,54.0,Enterprise Deepfake Detection,,0,0,0.0,0,0,0.0,0.0,0,0,0.0,0.0,,
26265,Seis,seis,W22,https://www.seis.com,https://www.ycombinator.com/companies/seis,"San Francisco, CA, USA",United States of America,70.0,Banking 100% in Spanish for the 44 million US Spanish speakers,,0,0,0.0,0,0,0.0,0.0,0,0,0.0,0.0,,
26264,Jutsoo,jutsoo,W22,https://www.jutsoo.com/,https://www.ycombinator.com/companies/jutsoo,"Jakarta, Indonesia",Indonesia,12.0,All your corporate bank accounts connected under one platform,,0,0,0.0,0,0,0.0,0.0,0,0,0.0,0.0,,
26290,Mono,mono-2,W22,https://mono.la,https://www.ycombinator.com/companies/mono-2,"Bogotá, Bogota, Colombia",Colombia,30.0,Embedded finance infrastructure for LatAm enterprises.,mono,56,102,1.22,5,8,3.4,18.62,5985,1506,0.88,0.36,https://linkedin.com/in/sebastian-ortiz-v,https://x.com/mono_empresas
26242,Finnix,finnix,W22,http://finnix.id,https://www.ycombinator.com/companies/finnix,"Jakarta, Indonesia",Indonesia,13.0,Financial technology solutions for Indonesian creative businesses,finnix,17,31,1.21,4,5,2.38,8.6,46,18,0.0,0.0,https://linkedin.com/in/reinhart-hermanus-6a149115,https://x.com/reinharthrm
26254,Eventual,eventual,W22,https://www.daft.ai/,https://www.ycombinator.com/companies/eventual,"San Francisco, CA, USA",United States of America,18.0,Building the AI data engine for any modality and scale,Eventual-Inc,115,197,1.4,5,26,10.94,46.43,5287,411,0.71,0.14,https://linkedin.com/in/sammy-sidhu,https://x.com/sammy_sidhu
26210,Alima,alima,W22,https://alima.la,https://www.ycombinator.com/companies/alima,"Mexico City, CDMX, Mexico",Mexico,10.0,Fresh procurement made easy,alimama-creative,0,0,0.0,0,0,0.0,0.0,952,58,0.5,0.41,,
26183,Pantore Pay,pantore-pay,W22,https://www.pantorepay.com.br,https://www.ycombinator.com/companies/pantore-pay,"São Paulo, State of São Paulo, Brazil",Brazil,25.0,Working capital for Brazilian restaurants,,0,0,0.0,0,0,0.0,0.0,0,0,0.0,0.0,,
26147,Cofactr,cofactr,W22,https://www.cofactr.com/,https://www.ycombinator.com/companies/cofactr,"New York, NY, USA",United States of America,15.0,Cloud pre-factory logistics and procurement for electronics,Cofactr,1,2,1.0,2,1,0.13,0.52,0,0,0.96,0.0,,
26109,Poko,poko,W22,http://www.pokoapp.xyz,https://www.ycombinator.com/companies/poko,Singapore,Singapore,10.0,Seamless Fiat Payments for Web3,,0,0,0.0,0,0,0.0,0.0,0,0,0.0,0.0,,
26016,Finku,finku,W22,http://finku.id,https://www.ycombinator.com/companies/finku,"Jakarta, Indonesia",Indonesia,20.0,AI powered personal finance app for Indonesia,finkutech,0,0,0.0,0,0,0.0,0.0,0,0,0.0,0.0,,
26073,Dealls – Jobs & Mentoring,dealls-jobs-and-mentoring,W22,https://dealls.com,https://www.ycombinator.com/companies/dealls-jobs-and-mentoring,"Jakarta, Indonesia",Indonesia,127.0,Indonesia's #1 ATS & Job Portal to match top talents & companies,,0,0,0.0,0,0,0.0,0.0,0,0,0.0,0.0,,
26003,Mahaana Wealth,mahaana-wealth,W22,http://mahaana.com,https://www.ycombinator.com/companies/mahaana-wealth,"Islamabad, Pakistan",Pakistan,30.0,Mahaana is first & only licensed digital wealth manager in Pakistan,Mahaana,0,0,0.0,0,0,0.0,0.0,0,0,0.0,0.0,,
26051,GIMO,gimo,W22,https://gimo.vn/en,https://www.ycombinator.com/companies/gimo,"Hanoi, Hoàn Kiếm, Hanoi, Vietnam",Vietnam,70.0,We help underbanked workers get paid before payday,,0,0,0.0,0,0,0.0,0.0,0,0,0.0,0.0,,
25986,Unravel Carbon,unravel-carbon,W22,http://unravelcarbon.com,https://www.ycombinator.com/companies/unravel-carbon,Singapore,Singapore,42.0,Enterprise software for companies to track & reduce their carbon…,unravelcarbonorg,0,0,0.0,0,0,0.0,0.0,0,0,0.0,0.0,,
25991,Humand,humand,W22,https://humand.co,https://www.ycombinator.com/companies/humand,"San Francisco, CA, USA",United States of America,270.0,All-in-one app for internal communication and HR,HumandDev,0,7,0.0,1,1,0.03,0.43,0,0,1.0,0.0,,
25984,Rally UXR,rally-uxr,W22,https://www.rallyuxr.com/,https://www.ycombinator.com/companies/rally-uxr,"New York, NY, USA",United States of America,30.0,User Research CRM,,0,0,0.0,0,0,0.0,0.0,0,0,0.0,0.0,,
25978,Fleek,fleek,W22,https://www.joinfleek.com/,https://www.ycombinator.com/companies/fleek,"London, UK",United Kingdom,100.0,A B2B marketplace for wholesale second hand fashion,fleekxyz,0,0,0.0,0,0,0.0,0.0,28,28,0.9,0.0,,
25969,Shaped,shaped,W22,https://shaped.ai,https://www.ycombinator.com/companies/shaped,"New York, NY, USA",United States of America,25.0,"The real-time retrieval engine for search, feeds, and agents.",Shaped,0,0,0.0,0,0,0.0,0.0,29,4,1.0,0.0,,
25973,amiloz,amiloz,W22,https://www.beloz.com.mx/,https://www.ycombinator.com/companies/amiloz,"Mexico City, CDMX, Mexico",Mexico,20.0,Micro-lender in Mexico,,0,0,0.0,0,0,0.0,0.0,0,0,0.0,0.0,,
25967,ngrow.ai,ngrow-ai,W22,http://ngrow.ai,https://www.ycombinator.com/companies/ngrow-ai,"San Francisco, CA, USA",United States of America,11.0,Low-code SaaS for marketing in push notifications,,0,0,0.0,0,0,0.0,0.0,0,0,0.0,0.0,,
25960,Clupp,clupp,W22,http://clupp.com.mx/,https://www.ycombinator.com/companies/clupp,"Mexico City, CDMX, Mexico",Mexico,12.0,Innovative insurance solutions for underserved markets.,,0,0,0.0,0,0,0.0,0.0,0,0,0.0,0.0,,
25958,Unsaddl,unsaddl,W22,http://unsaddl.com,https://www.ycombinator.com/companies/unsaddl,"New York, NY, USA",United States of America,10.0,education benefits and leave of absence management,,0,0,0.0,0,0,0.0,0.0,0,0,0.0,0.0,,
25948,Spade,spade,W22,https://www.spade.com,https://www.ycombinator.com/companies/spade,"New York, NY, USA",United States of America,20.0,Enriched transaction data you can build on,,0,0,0.0,0,0,0.0,0.0,0,0,0.0,0.0,,
25935,Topship,topship,W22,https://topship.africa/,https://www.ycombinator.com/companies/topship,"Lagos, Nigeria",Nigeria,20.0,Flexport for African Merchants - Building the OS for Global Logistics,Topship,0,0,0.0,0,0,0.0,0.0,0,0,0.0,0.0,,
25914,IoTFlows Inc,iotflows-inc,W22,https://www.iotflows.com/,https://www.ycombinator.com/companies/iotflows-inc,"Atlanta, GA, USA",United States of America,60.0,Plug-and-play AI platform with sensors and dashboards that makes…,iotflows,0,0,0.0,0,0,0.0,0.0,0,0,0.0,0.0,,
25891,PINA,pina,W22,https://pina.id,https://www.ycombinator.com/companies/pina,"Jakarta, Indonesia",Indonesia,25.0,WealthFront of Indonesia ,,0,0,0.0,0,0,0.0,0.0,0,0,0.0,0.0,,
25911,Cypher,cypher,W22,https://cypherhq.io/,https://www.ycombinator.com/companies/cypher,"Palo Alto, CA, USA",United States of America,12.0,Crypto Neo-Bank (WhatsApp moment for bank accounts),CypherpunkArmory,105,105,0.0,3,8,8.75,30.31,203,161,0.9,0.4,https://linkedin.com/in/kuberanmarimuthu,https://x.com/ikuberan
25876,Numida,numida,W22,https://numida.com,https://www.ycombinator.com/companies/numida,"Kampala, Uganda",Uganda,115.0,Working capital for African micro businesses,numidatech,0,100,0.0,1,15,0.87,9.33,0,0,0.8,0.0,https://linkedin.com/in/minashahid,https://x.com/_minashahid
25849,Theneo,theneo,W22,https://theneo.io,https://www.ycombinator.com/companies/theneo,"San Francisco, CA, USA",United States of America,21.0,Stripe-like API Docs in just a few clicks,Theneo-Inc,0,4,0.0,2,2,0.19,0.87,48,12,0.93,0.0,,
25835,Kular,kular,W22,https://www.kular.ai,https://www.ycombinator.com/companies/kular,"London, UK",United Kingdom,12.0,AI Lead Generator,,0,0,0.0,0,0,0.0,0.0,0,0,0.0,0.0,,
25818,Vimmerse,vimmerse,W22,https://vimmerse.net,https://www.ycombinator.com/companies/vimmerse,"San Jose, CA, USA",United States of America,10.0,Bring your photos to life with Vimmerse,vimmerse,0,0,0.0,0,0,0.0,0.0,0,0,0.0,0.0,,
25827,Talentropy.ai,talentropy-ai,W22,https://talentropy.ai/,https://www.ycombinator.com/companies/talentropy-ai,"Bogotá, Bogota, Colombia",Colombia,35.0,AI solution that streamlines candidate screening and recruitment,,0,0,0.0,0,0,0.0,0.0,0,0,0.0,0.0,,
25788,DimOrder,dimorder,W22,https://dimorder.com,https://www.ycombinator.com/companies/dimorder,Hong Kong,Hong Kong,70.0,Toast for Southeast Asia,dimorder,0,0,0.0,0,0,0.0,0.0,0,0,0.0,1.0,,
25819,Broccoli AI,broccoli-ai,W22,https://www.broccoli.com/,https://www.ycombinator.com/companies/broccoli-ai,"San Francisco, CA, USA",United States of America,21.0,AI-native operating system for home service businesses,broccolimicro,2,3,2.0,2,1,0.14,0.65,43,0,0.95,0.15,,
25814,Duplo,duplo,W22,https://www.tryduplo.com/,https://www.ycombinator.com/companies/duplo,Unknown,Nigeria,13.0,Venmo for B2B in Africa,duplocloud,250,255,50.0,5,19,19.62,70.72,70,7,0.71,0.0,https://linkedin.com/in/yelew,https://x.com/tryduplo
25776,Partna,partna,W22,https://getpartna.com,https://www.ycombinator.com/companies/partna,"Wilmington, DE, USA",United States of America,16.0,Your Global payments partner for Africa,Partna-Sverige,0,0,0.0,0,0,0.0,0.0,0,0,0.0,0.0,,
25787,Courtyard.io,courtyard-io,W22,https://courtyard.io,https://www.ycombinator.com/companies/courtyard-io,"San Francisco, CA, USA",United States of America,13.0,"A frictionless, safe, and fun experience to invest in collectibles",Courtyard,0,0,0.0,0,0,0.0,0.0,6,3,1.0,0.25,,
25777,BotCity,botcity,W22,https://botcity.dev,https://www.ycombinator.com/companies/botcity,"San Francisco, CA, USA",United States of America,35.0,Observability and Governance for AI-Generated Python scripts.,botcity-dev,4,12,0.5,5,5,0.34,2.03,56,20,0.99,0.69,,
25758,Nash,nash-2,W22,https://getnashglobal.com/,https://www.ycombinator.com/companies/nash-2,"Nairobi, Kenya",Kenya,11.0,All in one finance platform for borderless businesses in Africa,,0,0,0.0,0,0,0.0,0.0,0,0,0.0,0.0,,
25763,Cinder,cinder-2,W22,http://www.cinder.co,https://www.ycombinator.com/companies/cinder-2,"New York, NY, USA",United States of America,23.0,"Cinder | Responsible AI, Trust & Safety, and Data Labeling At Scale",cinder,1,70,0.01,1,3,3.04,14.6,5690,1077,0.89,0.2,https://linkedin.com/in/glenwise,
25737,Arintra,arintra,W22,https://arintra.com,https://www.ycombinator.com/companies/arintra,"Austin, TX, USA",United States of America,50.0,Medical coding automation,arintra-org,0,0,0.0,0,0,0.0,0.0,0,0,0.0,0.0,,
25733,SmartHelio,smarthelio,W22,https://www.smarthelio.com/,https://www.ycombinator.com/companies/smarthelio,"Lausanne, Switzerland",Switzerland,25.0,Software to prevent downtime in a solar plant,SmartHelio,0,0,0.0,0,0,0.0,0.0,0,0,0.0,0.0,,
25755,Rank (formerly Moni),rank,W22,https://www.userank.com/,https://www.ycombinator.com/companies/rank,"Lagos, Nigeria",Nigeria,20.0,Group Financing for small businesses across Africa.,,0,0,0.0,0,0,0.0,0.0,0,0,0.0,0.0,,
25717,Lenco,lenco,W22,https://lenco.co,https://www.ycombinator.com/companies/lenco,"Lagos, Nigeria",Nigeria,13.0,Pan-African digital bank for Africa's 50m businesses,LencoHQ,0,5,0.0,1,2,0.38,1.39,1,0,0.0,0.0,,
25743,Trackingplan,trackingplan,W22,https://trackingplan.com,https://www.ycombinator.com/companies/trackingplan,"Barcelona, Spain",Spain,17.0,Automated QA for your Digital Analytics,trackingplan,31,32,31.0,4,3,1.88,7.76,10,2,1.0,0.0,https://linkedin.com/in/alexandrosandre,https://x.com/ptrujillano
25726,Vendy,vendy,W22,https://myvendy.com,https://www.ycombinator.com/companies/vendy,"Lagos, Nigeria",Nigeria,20.0,Vendy is a marketplace on WhatsApp,vendys,0,3,0.0,1,1,0.15,0.67,2,4,1.0,0.0,,
25716,Dojah Inc,dojah-inc,W22,https://www.dojah.io,https://www.ycombinator.com/companies/dojah-inc,"Lagos, Nigeria",Nigeria,30.0,Prevent Fraud and Onboard Users Faster,dojah-inc,4,9,0.8,2,3,0.3,1.64,3,10,0.44,0.4,,
25713,Grey,grey,W22,https://grey.co,https://www.ycombinator.com/companies/grey,"US-101, San Francisco, CA, USA",United States of America,15.0,Banking services for remote workers and digital nomads,,0,0,0.0,0,0,0.0,0.0,0,0,0.0,0.0,,
25711,"Elphinstone, Inc.",elphinstone-inc,W22,https://elphinstone.com.pk/,https://www.ycombinator.com/companies/elphinstone-inc,"Karachi City, Sindh, Pakistan",Pakistan,15.0,Robo-advisory platform for Pakistan,,0,0,0.0,0,0,0.0,0.0,0,0,0.0,0.0,,
25697,Prembly (formerly Identitypass),prembly,W22,https://prembly.com/,https://www.ycombinator.com/companies/prembly,"Lagos, Nigeria",Nigeria,80.0,Identity Verification API for Emerging Markets,,0,0,0.0,0,0,0.0,0.0,0,0,0.0,0.0,,
25691,voize,voize,W22,https://voize.de/,https://www.ycombinator.com/companies/voize,"Berlin, Germany",Germany,120.0,"We build the AI companion for nurses, to create time for care.",,0,0,0.0,0,0,0.0,0.0,0,0,0.0,0.0,,
25681,SpadeWorks,spadeworks,W22,https://www.spadeworks.co,https://www.ycombinator.com/companies/spadeworks,"San Francisco, CA, USA",United States of America,13.0,AI agents that turn every call into revenue for trade businesses,SpadeWorks,0,0,0.0,0,0,0.0,0.0,0,0,0.0,0.0,,
25672,Cogram,cogram,W22,https://cogram.com,https://www.ycombinator.com/companies/cogram,"New York, NY, USA",United States of America,15.0,"The AI Platform for Architects, Builders, and Engineers",cogramAI,0,0,0.0,0,0,0.0,0.0,0,0,1.0,0.0,,
25665,Wibond,wibond,W22,https://www.wibond.co/,https://www.ycombinator.com/companies/wibond,"Córdoba, Cordoba, Argentina",Argentina,30.0,Affirm for LATAM ,WiBond,0,0,0.0,0,0,0.0,0.0,0,0,0.0,0.0,,
25684,Curacel,curacel,W22,https://curacel.co,https://www.ycombinator.com/companies/curacel,"Lagos, Nigeria",Nigeria,30.0,AI-Powered Infrastructure for Insurance & Healthcare,Curacel,3,3,0.0,1,1,0.1,0.55,0,0,0.0,0.0,,
25670,Eazipay Inc.,eazipay-inc,W22,https://myeazipay.com,https://www.ycombinator.com/companies/eazipay-inc,"105102, Lagos, Nigeria",Nigeria,27.0,Eazipay powers effortless payroll and financial access in Africa.,,0,0,0.0,0,0,0.0,0.0,0,0,0.0,0.0,,
25660,PayCaddy,paycaddy,W22,https://paycaddy.com/,https://www.ycombinator.com/companies/paycaddy,"Panama City, Panama",Panama,20.0,Simplified Banking as a Service for Latam,paycaddy,0,0,0.0,0,0,0.0,0.0,0,0,0.0,0.0,,
25663,Velt,velt,W22,https://velt.dev,https://www.ycombinator.com/companies/velt,"San Francisco, CA, USA",United States of America,15.0,Add powerful collaboration features to your product ridiculously fast.,,0,0,0.0,0,0,0.0,0.0,0,0,0.0,0.0,,
25662,digi,digi,W22,https://www.digiventures.la/,https://www.ycombinator.com/companies/digi,Unknown,Remote,30.0,Enabling banks have a fintech-style loan origination process,,0,0,0.0,0,0,0.0,0.0,0,0,0.0,0.0,,
25658,Plumter,plumter,W22,https://plumter.com,https://www.ycombinator.com/companies/plumter,"Lagos, Nigeria",Nigeria,12.0,Financial tools for cross-border trade,,0,0,0.0,0,0,0.0,0.0,0,0,0.0,0.0,,
25652,SALT,salt,W22,https://salt.pe,https://www.ycombinator.com/companies/salt,"Bengaluru, Karnataka, India",India,14.0,B2B Cross-Border Payment & Compliance Platform,,0,0,0.0,0,0,0.0,0.0,0,0,0.0,0.0,,
25655,Anfin,anfin,W22,https://anfin.vn/,https://www.ycombinator.com/companies/anfin,"Ho Chi Minh City, Vietnam",Vietnam,40.0,A multi-asset trading platform dedicated to retail investors,anfin21,0,0,0.0,0,0,0.0,0.0,0,0,1.0,0.0,,
25619,RecordBook,recordbook,W22,https://play.google.com/store/apps/details?id=com.foodmonk.rekordapp,https://www.ycombinator.com/companies/recordbook,Unknown,Remote,15.0,Airtable for 400 Million SMBs Globally,RecordbookStudios,0,0,0.0,0,0,0.0,0.0,0,0,0.0,0.0,,
25643,Mintlify,mintlify,W22,https://mintlify.com,https://www.ycombinator.com/companies/mintlify,"San Francisco, CA, USA",United States of America,35.0,The intelligent documentation platform,mintlify,154,212,2.66,5,16,6.06,35.83,2174,755,0.93,0.47,https://linkedin.com/in/han-y-wang,https://x.com/handotdev
25613,Gauss,gauss,W22,https://gauss.money,https://www.ycombinator.com/companies/gauss,"New York, NY, USA",United States of America,16.0,Lower interest rates on existing credit cards,,0,0,0.0,0,0,0.0,0.0,0,0,0.0,0.0,,
25634,IOMETE,iomete,W22,https://www.iomete.com/,https://www.ycombinator.com/companies/iomete,"Mountain View, CA, USA",United States of America,21.0,Self-hosted data lakehouse platform,iomete,48,88,1.2,5,16,4.19,19.2,5,5,0.76,0.0,https://linkedin.com/in/vusaldadalov,https://x.com/iometedata
25607,Axis,axis,W22,http://axis.xyz,https://www.ycombinator.com/companies/axis,"New York, NY, USA",United States of America,15.0,Knowledge base for corporate affairs teams,axis,0,0,0.0,0,0,0.0,0.0,1,1,1.0,0.15,,
25608,Flagright,flagright,W22,https://flagright.com,https://www.ycombinator.com/companies/flagright,"San Francisco, CA, USA",United States of America,31.0,AI-native AML compliance platform for fintechs & banks,flagright,16,52,0.44,4,1,1.68,9.34,71,3,1.0,0.0,https://linkedin.com/in/baranozkan,https://x.com/bo_flagright
25606,HOKALI,hokali,W22,https://www.hokali.com/,https://www.ycombinator.com/companies/hokali,"San Francisco, CA, USA",United States of America,12.0,After School & Enrichment Activities Marketplace,HOKALI-MRKTPLC,27,27,0.0,1,1,2.25,7.79,0,0,0.0,0.0,,
25610,RedBrick AI,redbrick-ai,W22,https://redbrickai.com,https://www.ycombinator.com/companies/redbrick-ai,"Claymont, DE 19703, USA",United States of America,13.0,Rapid medical data annotation,redbrick,36,54,2.0,4,5,4.15,14.98,15,28,0.89,0.59,https://linkedin.com/in/derek-lukacs,
25585,Armilla AI,armilla-ai,W22,http://www.armilla.ai,https://www.ycombinator.com/companies/armilla-ai,"Toronto, ON, Canada",Canada,14.0,AI/LLM Assessment & Warranty Solutions,armilla-assurance,0,0,0.0,0,0,0.0,0.0,0,0,0.0,0.0,,
25584,SnapTrade,snaptrade,W22,https://snaptrade.com/,https://www.ycombinator.com/companies/snaptrade,"Fredericton, NB, Canada",Canada,17.0,Plaid for trading,snaptrade,0,0,0.0,0,0,0.0,0.0,0,0,0.0,0.0,,
25594,Streak,streak-2,W22,https://www.streakcard.com/,https://www.ycombinator.com/companies/streak-2,"Bengaluru, Karnataka, India",India,12.0,A neo-banking platform for children in India,ProjectStreak,0,0,0.0,0,0,0.0,0.0,9,8,1.0,0.0,,
25587,Dart,dart,W22,https://www.dartai.com,https://www.ycombinator.com/companies/dart,"San Francisco, CA, USA",United States of America,10.0,The only truly AI-native project management tool,,0,0,0.0,0,0,0.0,0.0,0,0,0.0,0.0,,
25572,RDash,rdash,W22,https://www.rdash.io,https://www.ycombinator.com/companies/rdash,"Gurugram, Haryana, India",India,80.0,AI Powered Construction Management Software,,0,0,0.0,0,0,0.0,0.0,0,0,0.0,0.0,,
25561,LanceDB,lancedb,W22,https://lancedb.com,https://www.ycombinator.com/companies/lancedb,"San Francisco, CA, USA",United States of America,35.0,"Open-source, serverless vectordb for production-scale generative AI",,0,0,0.0,0,0,0.0,0.0,0,0,0.0,0.0,,
25559,Creizer,creizer,W22,https://www.creizer.com/,https://www.ycombinator.com/companies/creizer,"Mexico City, CDMX, Mexico",Mexico,12.0,Clear.co for LATAM. Revenue based financing for online sellers.,,0,0,0.0,0,0,0.0,0.0,0,0,0.0,0.0,,
25543,Agentnoon,agentnoon,W22,https://agentnoon.com,https://www.ycombinator.com/companies/agentnoon,"Toronto, ON, Canada",Canada,16.0,Org design and workforce planning platform to drive org transformation,,0,0,0.0,0,0,0.0,0.0,0,0,0.0,0.0,,
25542,Elementary,elementary,W22,http://elementary-data.com/,https://www.ycombinator.com/companies/elementary,"Tel Aviv-Yafo, Israel",Israel,12.0,Open-source data observability for data teams,,0,0,0.0,0,0,0.0,0.0,0,0,0.0,0.0,,
25540,Rehook.ai,rehook-ai,W22,https://rehook.ai/,https://www.ycombinator.com/companies/rehook-ai,"Bengaluru, Karnataka, India",India,12.0,"Run, Track and manage any and all user incentive campaigns.",,0,0,0.0,0,0,0.0,0.0,0,0,0.0,0.0,,
25532,Fintelite,fintelite,W22,http://www.fintelite.ai,https://www.ycombinator.com/companies/fintelite,Singapore,Singapore,20.0,Intelligent Process Automation for Lending.,,0,0,0.0,0,0,0.0,0.0,0,0,0.0,0.0,,
25538,Lexter.ai,lexter-ai,W22,https://www.lexter.ai,https://www.ycombinator.com/companies/lexter-ai,"São Paulo, State of São Paulo, Brazil",Brazil,18.0,LLM for Legal in Brazil,lexter-ai,0,0,0.0,0,0,0.0,0.0,0,8,0.67,0.0,,
25528,Lenk,lenk,W22,https://getlenk.com/,https://www.ycombinator.com/companies/lenk,"Santiago, Santiago Metropolitan Region, Chile",Chile,18.0,The next-gen lending platform for the banking system in LATAM.,,0,0,0.0,0,0,0.0,0.0,0,0,0.0,0.0,,
25531,haddock,haddock,W22,https://haddock.app,https://www.ycombinator.com/companies/haddock,"Barcelona, Spain",Spain,40.0,AI agents to run restaurant operations,haddocking,137,181,3.11,5,10,4.53,28.62,261,89,0.95,0.85,https://linkedin.com/in/arnaunavarro,https://x.com/haddock_app
25526,Complif,complif,W22,https://complif.com,https://www.ycombinator.com/companies/complif,"Buenos Aires, Argentina",Argentina,45.0,Compliance tools for financial companies in LatAm KYC & AML,complif,0,34,0.0,1,12,0.76,5.07,0,0,0.0,0.0,https://linkedin.com/in/lucasranallo,https://x.com/complif
25527,Munily,munily,W22,https://munily.com/#/,https://www.ycombinator.com/companies/munily,"Panama City, Panama",Panama,30.0,Access control management app for Latam´s gated communities,,0,0,0.0,0,0,0.0,0.0,0,0,0.0,0.0,,
25521,Happl,happl,W22,https://happl.com/,https://www.ycombinator.com/companies/happl,"London, UK",United Kingdom,11.0,Your personalised benefits and engagement platform for global teams,HapplHQ,0,0,0.0,0,0,0.0,0.0,0,2,0.0,0.0,,
25517,UpBanx,upbanx,W22,http://UpBanx.com,https://www.ycombinator.com/companies/upbanx,"Jakarta, Indonesia",Indonesia,13.0,Brex for D2C Brands and Content Creators in Indonesia,upbanx,0,0,0.0,0,0,0.0,0.0,1,0,1.0,0.0,,
25519,Fieldproxy,fieldproxy,W22,http://fieldproxy.com/,https://www.ycombinator.com/companies/fieldproxy,"Chennai, Tamil Nadu, India",India,15.0,Retool for 20 Million Field Teams,Fieldproxy,0,0,0.0,0,0,0.0,0.0,0,1,1.0,0.0,,
25522,Unlayer,unlayer,W22,https://unlayer.com,https://www.ycombinator.com/companies/unlayer,"San Francisco, CA, USA",United States of America,35.0,Unlayer makes embeddable email and web editing software.,unlayer,51,109,0.88,3,4,3.11,18.42,5104,855,0.72,0.15,https://linkedin.com/in/adeelr,https://x.com/unlayerapp
25480,Atlas,atlas-2,W22,https://atlas.so,https://www.ycombinator.com/companies/atlas-2,"San Francisco, CA, USA",United States of America,18.0,Modern customer support platform replacement for Intercom and Zendesk,atlas,0,0,0.0,0,0,0.0,0.0,0,0,0.0,0.0,,
25473,Miggos,miggos,W22,https://miggos.com/,https://www.ycombinator.com/companies/miggos,"São Paulo, State of São Paulo, Brazil",Brazil,20.0,Wholesale marketplace for mom & pop clothing shops in LATAM,,0,0,0.0,0,0,0.0,0.0,0,0,0.0,0.0,,
25418,CUTR,cutr,W22,https://www.cutr.ai/,https://www.ycombinator.com/companies/cutr,"Amsterdam, Netherlands",Netherlands,22.0,The marketplace for wood manufacturing,cutr,0,0,0.0,0,0,0.0,0.0,0,0,0.0,0.0,,
25403,Aspora,aspora,W22,https://aspora.com,https://www.ycombinator.com/companies/aspora,"London, UK",United Kingdom,85.0,Single account to manage money across the world,Aspora,0,0,0.0,0,0,0.0,0.0,0,0,0.0,0.0,,
25444,Touch and Pay Technologies Limited,touch-and-pay-technologies-limited,W22,https://touchandpay.me/,https://www.ycombinator.com/companies/touch-and-pay-technologies-limited,"62 Shipeolu St, Somolu 102216, Lagos, Nigeria",Nigeria,55.0,Digitizing and processing Microtransactions in Africa,,0,0,0.0,0,0,0.0,0.0,0,0,0.0,0.0,,
25395,Sekilo,sekilo,W22,https://sekilo.com/en/,https://www.ycombinator.com/companies/sekilo,"Jakarta, Indonesia",Indonesia,11.0,Poultry processing & supply chain for the SME foodservice industry.,sekilo-id,0,0,0.0,0,0,0.0,0.0,0,0,0.0,0.0,,
25419,Kaso,kaso,W22,https://www.kaso.ai,https://www.ycombinator.com/companies/kaso,Dubai - United Arab Emirates,United Arab Emirates,50.0,B2B platform connecting restaurants with food suppliers,,0,0,0.0,0,0,0.0,0.0,0,0,0.0,0.0,,
25381,TeamOut,teamout,W22,https://www.teamout.com/,https://www.ycombinator.com/companies/teamout,"Los Angeles, CA, USA",United States of America,10.0,Online marketplace for team retreat venues,teamout,0,0,0.0,0,0,0.0,0.0,0,0,0.0,0.0,,
25398,Dynamo AI,dynamo-ai,W22,https://dynamo.ai,https://www.ycombinator.com/companies/dynamo-ai,"San Francisco, CA, USA",United States of America,40.0,Compliant-Ready AI for the Enterprise,dynamo,0,0,0.0,0,0,0.0,0.0,1119,151,0.9,0.57,,
25394,Harmoney,harmoney,W22,https://www.harmoney.in/,https://www.ycombinator.com/companies/harmoney,"Mumbai, Maharashtra, India",India,30.0,"Agentic AI solution for fixed income, credit and portfolio analysis",harmoney-dev,0,0,0.0,0,0,0.0,0.0,0,0,0.0,0.0,,
25350,Nest Genomics,nest-genomics,W22,https://nestgenomics.com,https://www.ycombinator.com/companies/nest-genomics,"New York, NY, USA",United States of America,11.0,Software to launch and integrate genetics into clinical care,Nest-Genomics,0,0,0.0,0,0,0.0,0.0,0,0,0.0,0.0,,
25351,Axross Pte Ltd,axross-pte-ltd,W22,https://www.axross.co/,https://www.ycombinator.com/companies/axross-pte-ltd,Singapore,Singapore,10.0,AI-driven HVAC control system for improved energy performance,,0,0,0.0,0,0,0.0,0.0,0,0,0.0,0.0,,
25354,Blaze,blaze,W22,https://withblaze.app/,https://www.ycombinator.com/companies/blaze,"San Francisco, CA, USA",United States of America,10.0,Marketing automation for the modern world,blaze,0,0,0.0,0,0,0.0,0.0,4451,598,0.72,0.18,,
25346,Transfez,transfez,W22,https://www.itsjack.com,https://www.ycombinator.com/companies/transfez,"Jakarta, Indonesia",Indonesia,50.0,Brex for small businesses in Indonesia ,,0,0,0.0,0,0,0.0,0.0,0,0,0.0,0.0,,
25341,Wagetap,wagetap,W22,https://www.wagetap.com/,https://www.ycombinator.com/companies/wagetap,"Sydney NSW, Australia",Australia,10.0,"Advance next payday, and BNPL for bills",,0,0,0.0,0,0,0.0,0.0,0,0,0.0,0.0,,
25328,Momento,momento,W22,https://www.tumomento.com/,https://www.ycombinator.com/companies/momento,"Mexico City, CDMX, Mexico",Mexico,18.0,Building a full-stack auto insurer for the underserved in LatAm,,0,0,0.0,0,0,0.0,0.0,0,0,0.0,0.0,,
25322,VantedgeAI,vantedgeai,W22,https://www.vantedgeai.com/,https://www.ycombinator.com/companies/vantedgeai,"Norwalk, CT, USA",United States of America,11.0,Scaling investing workflows with AI,,0,0,0.0,0,0,0.0,0.0,0,0,0.0,0.0,,
25317,Peakflo,peakflo,W22,https://peakflo.co,https://www.ycombinator.com/companies/peakflo,Singapore,Singapore,45.0,Agentic workflows that automate your back‑office operations,,0,0,0.0,0,0,0.0,0.0,0,0,0.0,0.0,,
25316,Trébol,trebol,W22,https://gotrebol.com/,https://www.ycombinator.com/companies/trebol,"Bogotá, Bogota, Colombia",Colombia,14.0,"Your back-office, on autopilot",,0,0,0.0,0,0,0.0,0.0,0,0,0.0,0.0,,
25311,Lumina,lumina,W22,https://www.lumibot.com,https://www.ycombinator.com/companies/lumina,Singapore,Singapore,12.0,AI+human powered automation on job-community platform with 1.5M…,luminati-io,13,13,0.0,5,4,1.08,3.75,11,5,0.0,0.0,,
25309,PolicyFly,policyfly,W22,https://www.policyfly.com,https://www.ycombinator.com/companies/policyfly,"New York, NY, USA",United States of America,30.0,Modernizing Specialty Insurance,policyfly,0,0,0.0,0,0,0.0,0.0,7,6,1.0,1.0,,
25315,Rebill,rebill,W22,https://www.rebill.com,https://www.ycombinator.com/companies/rebill,"Buenos Aires, Argentina",Argentina,12.0,Payment infrastructure designed for LATAM.,Rebilly,50,126,0.66,5,5,10.5,36.37,121,45,0.92,0.8,https://linkedin.com/in/diazailan,https://x.com/rebillteam
25307,Sieve,sieve,W22,https://sievedata.com/,https://www.ycombinator.com/companies/sieve,"San Francisco, CA, USA",United States of America,18.0,Video datasets for frontier AI,sieve-community,0,0,0.0,0,0,0.0,0.0,194,34,0.88,0.4,,
25273,Agave,agave,W22,https://www.useagave.com,https://www.ycombinator.com/companies/agave,"San Francisco, CA, USA",United States of America,28.0,Financial Operations Platform for Construction,agave,0,0,0.0,0,0,0.0,0.0,4,4,0.68,0.0,,
25144,StafBook,stafbook,W22,https://stafbook.com,https://www.ycombinator.com/companies/stafbook,"Jakarta, Indonesia",Indonesia,11.0,Rippling for Southeast Asia,stafbook,0,0,0.0,0,0,0.0,0.0,0,0,0.0,0.0,,
25160,Compra Rápida,compra-rapida,W22,https://www.comprarapida.co/,https://www.ycombinator.com/companies/compra-rapida,"São Paulo, State of São Paulo, Brazil",Brazil,10.0,One-click checkout and AI sales assistant for LatAm.,,0,0,0.0,0,0,0.0,0.0,0,0,0.0,0.0,,
25106,Apollo,apollo-3,W22,https://www.apollofirst.xyz/,https://www.ycombinator.com/companies/apollo-3,"Bengaluru, Karnataka, India",India,11.0, Payments & Loyalty Infrastructure ,apollo,0,0,0.0,0,0,0.0,0.0,0,0,0.0,0.0,,
25118,Arc,arc-2,W22,https://www.joinarc.com/,https://www.ycombinator.com/companies/arc-2,"San Francisco, CA, USA",United States of America,40.0,Banking & Funding for Startups,,0,0,0.0,0,0,0.0,0.0,0,0,0.0,0.0,,
25174,GrowthBook,growthbook,W22,https://www.growthbook.io,https://www.ycombinator.com/companies/growthbook,"Palo Alto, CA, USA",United States of America,25.0,Open source feature flagging and A/B testing,growthbook,114,168,2.11,5,22,6.72,33.6,7431,764,0.88,0.6,https://linkedin.com/in/grahammcnicoll,https://x.com/growth_book
25061,Optery,optery,W22,https://www.optery.com,https://www.ycombinator.com/companies/optery,"San Francisco, CA, USA",United States of America,55.0,Opt out software that removes your private info from the internet,optery,4,6,2.0,1,2,0.11,0.81,49,5,0.92,1.0,,
